name	kind	path	line	parent
RequestDecision	class	api_security.py	113	-
_host_name	function	api_security.py	119	-
_public_origin	function	api_security.py	126	-
validate_local_request	function	api_security.py	144	-
redact_log_text	function	api_security.py	193	-
rate_limit_for	function	api_security.py	198	-
LocalRateLimiter	class	api_security.py	212	-
__init__	method	api_security.py	213	LocalRateLimiter
allow	method	api_security.py	217	LocalRateLimiter
_env_enabled	function	app.py	161	-
_web_mode_enabled	function	app.py	168	-
_trusted_proxy_context	function	app.py	172	-
_strong_runtime_secret	function	app.py	194	-
_validate_web_security_config	function	app.py	205	-
_registration_enabled	function	app.py	235	-
_bootstrap_enabled	function	app.py	242	-
_auth_public_state	function	app.py	249	-
_repair_catalog_text	function	app.py	269	-
_load_official_close_codes	function	app.py	279	-
_resolve_close_definition	function	app.py	315	-
_merged_close_code_metadata	function	app.py	328	-
InstallerMismatchUnresolvedError	class	app.py	361	-
InstallerReassignmentFailedError	class	app.py	365	-
InstallerReassignmentUnconfirmedError	class	app.py	369	-
ProfileRuntime	class	app.py	374	-
__post_init__	method	app.py	393	ProfileRuntime
close_enabled	method	app.py	407	ProfileRuntime
material_writeoff_enabled	method	app.py	411	ProfileRuntime
native_creation_enabled	method	app.py	416	ProfileRuntime
installer_change_enabled	method	app.py	420	ProfileRuntime
serialized_transfer_enabled	method	app.py	424	ProfileRuntime
public_dict	method	app.py	427	ProfileRuntime
_scoped_import_preview	function	app.py	511	-
_parse_import_request	function	app.py	563	-
_monitor_snapshot_path	function	app.py	622	-
_monitor_order_dict	function	app.py	626	-
_monitor_timeline_dict	function	app.py	666	-
_monitor_profile_for_source	function	app.py	697	-
_monitor_order_key	function	app.py	706	-
_monitor_timeline_key	function	app.py	724	-
_build_monitor_snapshot_batch	function	app.py	738	-
_persist_monitor_snapshot	function	app.py	837	-
_record_operational_orders	function	app.py	861	-
_record_operational_toa_capture	function	app.py	868	-
_record_live_technician_evidence	function	app.py	891	-
_live_technician_evidence	function	app.py	966	-
_sync_operational_close_reports	function	app.py	982	-
_bootstrap_operational_store	function	app.py	994	-
_sync_datalake_to_operational	function	app.py	1035	-
_build_monitor_snapshot	function	app.py	1130	-
_decode_monitor_sources	function	app.py	1134	-
_route_monitor_sources	function	app.py	1157	-
_load_monitor_snapshot	function	app.py	1167	-
_clear_monitor_snapshot	function	app.py	1182	-
_failure_path	function	app.py	1194	-
_load_failures	function	app.py	1198	-
_profile_from_query	function	app.py	1216	-
_historical_order_from_record	function	app.py	1233	-
_resolve_operational_order	function	app.py	1268	-
_historical_manual_close_scope	function	app.py	1287	-
_manual_close_scope	function	app.py	1323	-
_validate_manual_close_operation	function	app.py	1368	-
_enrich_orders	function	app.py	1452	-
_read_only_order_rows	function	app.py	1616	-
_live_capture_iso_date	function	app.py	1643	-
_registry_service_close_code	function	app.py	1653	-
_missing_close_code	function	app.py	1666	-
_merge_live_capture_registry_tasks	function	app.py	1672	-
_match_live_capture_to_orders	function	app.py	1727	-
_window_minutes	function	app.py	1963	-
_format_operational_window	function	app.py	1978	-
_current_operational_window	function	app.py	1985	-
_is_disconnection_capture	function	app.py	1996	-
_annotate_live_operational_windows	function	app.py	2006	-
_resolve_toa_live_reference	function	app.py	2051	-
_live_lookup_task_keys	function	app.py	2081	-
_refresh_live_lookup_imperium_cache	function	app.py	2101	-
_prepare_toa_live_lookup	function	app.py	2172	-
_toa_live_public_state	function	app.py	2209	-
_toa_connector_cache_is_fresh	function	app.py	2227	-
_connector_document_to_live_lookup	function	app.py	2283	-
_cloud_snapshot_to_live_lookup	function	app.py	2378	-
_validated_close_operation	function	app.py	2494	-
_installer_change_preview	function	app.py	2555	-
_serialized_transfer_preview	function	app.py	2617	-
_ensure_failure_day	function	app.py	2671	-
_persist_failures	function	app.py	2678	-
_append_import_audit	function	app.py	2693	-
_safe_append_import_audit	function	app.py	2750	-
_read_import_audit_history	function	app.py	2757	-
_safe_record_import_contracts	function	app.py	2795	-
_automatic_toa_import	function	app.py	2821	-
_collect_toa_bucket_registry	function	app.py	2899	-
_toa_document_matches_date	function	app.py	2955	-
_toa_cached_document	function	app.py	2974	-
_toa_document_is_final_for_date	function	app.py	3000	-
_toa_worker_document	function	app.py	3029	-
_toa_record_due_minute	function	app.py	3065	-
_toa_registry_record_needs_lookup	function	app.py	3104	-
_record_auto_improductive_close_report	function	app.py	3119	-
_auto_improductive_scan	function	app.py	3201	-
_auto_improductive_public_state	function	app.py	3688	-
_set_auto_improductive_enabled	function	app.py	3694	-
_validated_remote_toa_automation_base	function	app.py	3705	-
_remote_toa_automation_request	function	app.py	3729	-
_bulk_preview_rows	function	app.py	3754	-
_confirm_bulk_creation	function	app.py	3765	-
_material_assignment_path	function	app.py	3845	-
_load_material_assignments	function	app.py	3849	-
_material_assignment	function	app.py	3865	-
_save_material_assignment	function	app.py	3870	-
_material_paste_key	function	app.py	3891	-
_error_category	function	app.py	3896	-
_exception_detail	function	app.py	3947	-
_record_failure	function	app.py	3958	-
_resolve_failure	function	app.py	3986	-
_reconcile_failures	function	app.py	3993	-
_failure_list	function	app.py	4049	-
_official_http_client	function	app.py	4062	-
_clean_operational_technician_name	function	app.py	4077	-
_same_technician_name	function	app.py	4087	-
_technician_by_current_name	function	app.py	4114	-
_cached_stock_technicians	function	app.py	4189	-
_resolve_imperium_installer_for_toa	function	app.py	4211	-
_reconcile_order_installer_with_toa	function	app.py	4310	-
_official_technician_code	function	app.py	4455	-
_build_official_panel_plan	function	app.py	4526	-
_validate_official_installed_serial_ownership	function	app.py	4564	-
_official_material_preparation_items	function	app.py	4605	-
_report_base	function	app.py	4635	-
_sanitize_response	function	app.py	4677	-
_confirmation_order	function	app.py	4698	-
_start_close_confirmation	function	app.py	4709	-
order_number	function	app.py	4873	-
_resume_close_confirmations	function	app.py	4877	-
ExclusiveThreadingHTTPServer	class	app.py	4887	-
server_bind	method	app.py	4890	ExclusiveThreadingHTTPServer
PanelHandler	class	app.py	4903	-
version_string	method	app.py	4907	PanelHandler
end_headers	method	app.py	4910	PanelHandler
log_message	method	app.py	4928	PanelHandler
_session_token	method	app.py	4931	PanelHandler
_auth_session	method	app.py	4946	PanelHandler
_queue_session_cookie	method	app.py	4969	PanelHandler
_clear_session_cookie	method	app.py	4979	PanelHandler
_current_user	method	app.py	4995	PanelHandler
_auth_audit	method	app.py	4999	PanelHandler
_security_preflight	method	app.py	5025	PanelHandler
_json	method	app.py	5153	PanelHandler
_binary	method	app.py	5167	PanelHandler
_audio	method	app.py	5189	PanelHandler
_body	method	app.py	5201	PanelHandler
_static	method	app.py	5216	PanelHandler
do_GET	method	app.py	5243	PanelHandler
do_POST	method	app.py	6087	PanelHandler
do_OPTIONS	method	app.py	8490	PanelHandler
main	function	app.py	8498	-
AuthError	class	auth_store.py	44	-
_utc_now	function	auth_store.py	48	-
_iso	function	auth_store.py	52	-
_decode_time	function	auth_store.py	56	-
normalize_username	function	auth_store.py	68	-
validate_password	function	auth_store.py	77	-
hash_password	function	auth_store.py	86	-
verify_password	function	auth_store.py	109	-
AuthStore	class	auth_store.py	129	-
__init__	method	auth_store.py	130	AuthStore
_connect	method	auth_store.py	137	AuthStore
_initialize	method	auth_store.py	151	AuthStore
has_users	method	auth_store.py	236	AuthStore
register	method	auth_store.py	241	AuthStore
get_user	method	auth_store.py	285	AuthStore
_public_user	method	auth_store.py	301	AuthStore
_identities_for_user	method	auth_store.py	322	AuthStore
_with_identities	method	auth_store.py	341	AuthStore
authenticate	method	auth_store.py	350	AuthStore
create_session	method	auth_store.py	391	AuthStore
session	method	auth_store.py	421	AuthStore
validate_csrf	method	auth_store.py	491	AuthStore
revoke_session	method	auth_store.py	495	AuthStore
list_users	method	auth_store.py	504	AuthStore
approve	method	auth_store.py	516	AuthStore
reject	method	auth_store.py	540	AuthStore
set_imperium_identity	method	auth_store.py	570	AuthStore
audit	method	auth_store.py	612	AuthStore
PostgresAuthStore	class	auth_store_postgres.py	31	-
__init__	method	auth_store_postgres.py	32	PostgresAuthStore
_connect	method	auth_store_postgres.py	45	PostgresAuthStore
_initialize	method	auth_store_postgres.py	63	PostgresAuthStore
has_users	method	auth_store_postgres.py	184	PostgresAuthStore
register	method	auth_store_postgres.py	191	PostgresAuthStore
get_user	method	auth_store_postgres.py	239	PostgresAuthStore
_identities_for_user	method	auth_store_postgres.py	254	PostgresAuthStore
authenticate	method	auth_store_postgres.py	274	PostgresAuthStore
create_session	method	auth_store_postgres.py	315	PostgresAuthStore
session	method	auth_store_postgres.py	342	PostgresAuthStore
validate_csrf	method	auth_store_postgres.py	415	PostgresAuthStore
revoke_session	method	auth_store_postgres.py	419	PostgresAuthStore
list_users	method	auth_store_postgres.py	429	PostgresAuthStore
approve	method	auth_store_postgres.py	441	PostgresAuthStore
reject	method	auth_store_postgres.py	468	PostgresAuthStore
set_imperium_identity	method	auth_store_postgres.py	500	PostgresAuthStore
audit	method	auth_store_postgres.py	544	PostgresAuthStore
_now	function	auto_improductive_close.py	17	-
_parse_clock	function	auto_improductive_close.py	21	-
review_record_is_due	function	auto_improductive_close.py	34	-
toa_activity_is_complete	function	auto_improductive_close.py	50	-
AutoImproductiveCloser	class	auto_improductive_close.py	63	-
__init__	method	auto_improductive_close.py	66	AutoImproductiveCloser
_state_payload	method	auto_improductive_close.py	103	AutoImproductiveCloser
_reload_state	method	auto_improductive_close.py	112	AutoImproductiveCloser
_persist_state	method	auto_improductive_close.py	129	AutoImproductiveCloser
_load_history	method	auto_improductive_close.py	164	AutoImproductiveCloser
_append_history	method	auto_improductive_close.py	228	AutoImproductiveCloser
publish_progress	method	auto_improductive_close.py	259	AutoImproductiveCloser
start	method	auto_improductive_close.py	281	AutoImproductiveCloser
stop	method	auto_improductive_close.py	292	AutoImproductiveCloser
set_enabled	method	auto_improductive_close.py	297	AutoImproductiveCloser
block	method	auto_improductive_close.py	305	AutoImproductiveCloser
unblock	method	auto_improductive_close.py	323	AutoImproductiveCloser
prune_blocked_for_date	method	auto_improductive_close.py	330	AutoImproductiveCloser
is_blocked	method	auto_improductive_close.py	347	AutoImproductiveCloser
is_enabled	method	auto_improductive_close.py	351	AutoImproductiveCloser
public_state	method	auto_improductive_close.py	356	AutoImproductiveCloser
_loop	method	auto_improductive_close.py	383	AutoImproductiveCloser
_run_once	method	auto_improductive_close.py	399	AutoImproductiveCloser
normalize_contracts	function	bulk_orders.py	35	-
build_bulk_preview	function	bulk_orders.py	70	-
is_deterministic_error	function	cancel_all_open.py	30	-
append_event	function	cancel_all_open.py	48	-
main	function	cancel_all_open.py	54	-
_now	function	close_report.py	33	-
_text	function	close_report.py	37	-
_nonnegative_int	function	close_report.py	41	-
CloseReportStore	class	close_report.py	48	-
__init__	method	close_report.py	55	CloseReportStore
path_for	method	close_report.py	61	CloseReportStore
_read_unlocked	method	close_report.py	64	CloseReportStore
_write_unlocked	method	close_report.py	73	CloseReportStore
begin	method	close_report.py	82	CloseReportStore
update	method	close_report.py	167	CloseReportStore
get	method	close_report.py	234	CloseReportStore
authorize_retry	method	close_report.py	250	CloseReportStore
list	method	close_report.py	306	CloseReportStore
unresolved	method	close_report.py	316	CloseReportStore
public_state	method	close_report.py	323	CloseReportStore
format_materials_readable	function	close_report_excel.py	27	-
format_equipment_readable	function	close_report_excel.py	83	-
build_close_report_xlsx	function	close_report_excel.py	118	-
main	function	configurar_toa_credenciais.py	27	-
main	function	configure_toa_cloud_bridge.py	23	-
DataSnapError	class	datasnap_client.py	26	-
_DataBlob	class	datasnap_client.py	30	-
_blob_from_bytes	function	datasnap_client.py	34	-
_configure_dpapi	function	datasnap_client.py	39	-
protect_secret	function	datasnap_client.py	65	-
unprotect_secret	function	datasnap_client.py	91	-
save_credentials	function	datasnap_client.py	117	-
load_credentials	function	datasnap_client.py	127	-
DataSnapClient	class	datasnap_client.py	137	-
__init__	method	datasnap_client.py	138	DataSnapClient
__enter__	method	datasnap_client.py	154	DataSnapClient
__exit__	method	datasnap_client.py	158	DataSnapClient
connect	method	datasnap_client.py	161	DataSnapClient
close	method	datasnap_client.py	199	DataSnapClient
set_timeout	method	datasnap_client.py	205	DataSnapClient
prepare	method	datasnap_client.py	210	DataSnapClient
request	method	datasnap_client.py	216	DataSnapClient
continue_blob	method	datasnap_client.py	226	DataSnapClient
_receive_exact	method	datasnap_client.py	237	DataSnapClient
_receive_json	method	datasnap_client.py	248	DataSnapClient
_encode_wire_value	function	datasnap_client.py	267	-
_replace_blob_markers	function	datasnap_client.py	284	-
_decode_wire_message	function	datasnap_client.py	294	-
getCredentials	function	deploy/hostinger-web/server.js	52	-
packU32	function	deploy/hostinger-web/server.js	58	-
packDouble	function	deploy/hostinger-web/server.js	64	-
automationDate	function	deploy/hostinger-web/server.js	70	-
utf16le	function	deploy/hostinger-web/server.js	81	-
replaceOnce	function	deploy/hostinger-web/server.js	85	-
buildMainQuery	function	deploy/hostinger-web/server.js	97	-
encodeWireValue	function	deploy/hostinger-web/server.js	135	-
skipWs	function	deploy/hostinger-web/server.js	167	-
matchDataHeader	function	deploy/hostinger-web/server.js	172	-
replaceBlobMarkers	function	deploy/hostinger-web/server.js	206	-
decodeWireMessage	function	deploy/hostinger-web/server.js	219	-
flushTo	function	deploy/hostinger-web/server.js	229	-
DataSnapClient	class	deploy/hostinger-web/server.js	287	-
finish	function	deploy/hostinger-web/server.js	309	-
parseOrders	function	deploy/hostinger-web/server.js	412	-
listOrders	function	deploy/hostinger-web/server.js	466	-
sha256	function	deploy/hostinger-web/server.js	546	-
randomToken	function	deploy/hostinger-web/server.js	550	-
bridgeToken	function	deploy/hostinger-web/server.js	554	-
normalizeUsername	function	deploy/hostinger-web/server.js	564	-
cookieValue	function	deploy/hostinger-web/server.js	570	-
queueSessionCookie	function	deploy/hostinger-web/server.js	582	-
clearSessionCookie	function	deploy/hostinger-web/server.js	589	-
supabaseRpc	function	deploy/hostinger-web/server.js	596	-
edgeAuthAction	function	deploy/hostinger-web/server.js	615	-
profileLookup	function	deploy/hostinger-web/server.js	644	-
recordLoginFailure	function	deploy/hostinger-web/server.js	651	-
recordLoginSuccess	function	deploy/hostinger-web/server.js	659	-
createDominiumSession	function	deploy/hostinger-web/server.js	666	-
currentSession	function	deploy/hostinger-web/server.js	683	-
revokeCurrentSession	function	deploy/hostinger-web/server.js	694	-
auditAuth	function	deploy/hostinger-web/server.js	703	-
authPublicState	function	deploy/hostinger-web/server.js	716	-
loginRateLimited	function	deploy/hostinger-web/server.js	726	-
registrationRateLimited	function	deploy/hostinger-web/server.js	759	-
denied	function	deploy/hostinger-web/server.js	800	-
proxyOperationalRequest	function	deploy/hostinger-web/server.js	953	-
finish	function	deploy/hostinger-web/server.js	1083	-
finish	function	deploy/hostinger-web/server.js	1125	-
blockedStaticPath	function	deploy/hostinger-web/server.js	1194	-
_now	function	disconnect_automation.py	105	-
_iso	function	disconnect_automation.py	110	-
_parse_iso	function	disconnect_automation.py	114	-
_unique	function	disconnect_automation.py	121	-
normalize_window	function	disconnect_automation.py	127	-
validate_sources	function	disconnect_automation.py	138	-
_is_transient_legacy_manual_review	function	disconnect_automation.py	155	-
DisconnectAutomation	class	disconnect_automation.py	166	-
__init__	method	disconnect_automation.py	169	DisconnectAutomation
_empty	method	disconnect_automation.py	175	DisconnectAutomation
_load	method	disconnect_automation.py	187	DisconnectAutomation
_save	method	disconnect_automation.py	196	DisconnectAutomation
_recover_interrupted_run	method	disconnect_automation.py	205	DisconnectAutomation
_record_item	method	disconnect_automation.py	228	DisconnectAutomation
prepare	method	disconnect_automation.py	272	DisconnectAutomation
action	method	disconnect_automation.py	367	DisconnectAutomation
_minute_of_day	method	disconnect_automation.py	404	DisconnectAutomation
_is_due	method	disconnect_automation.py	408	DisconnectAutomation
_eligible	method	disconnect_automation.py	413	DisconnectAutomation
_unfinished	method	disconnect_automation.py	421	DisconnectAutomation
_expire_and_recover	method	disconnect_automation.py	427	DisconnectAutomation
claim	method	disconnect_automation.py	455	DisconnectAutomation
update	method	disconnect_automation.py	511	DisconnectAutomation
_finish_if_done	method	disconnect_automation.py	580	DisconnectAutomation
public_state	method	disconnect_automation.py	588	DisconnectAutomation
_public	method	disconnect_automation.py	598	DisconnectAutomation
EdgeVoiceError	class	edge_voice.py	35	-
_normalize_text	function	edge_voice.py	39	-
_render_edge_audio	function	edge_voice.py	50	-
EdgeVoiceService	class	edge_voice.py	73	-
__init__	method	edge_voice.py	74	EdgeVoiceService
installed	method	edge_voice.py	87	EdgeVoiceService
status	method	edge_voice.py	90	EdgeVoiceService
synthesize	method	edge_voice.py	99	EdgeVoiceService
CaptureFormatError	class	flow_reader/analyzer.py	83	-
PacketSegment	class	flow_reader/analyzer.py	88	-
StreamDirection	class	flow_reader/analyzer.py	96	-
TcpStream	class	flow_reader/analyzer.py	101	-
ApplicationMessage	class	flow_reader/analyzer.py	115	-
_timestamp_iso	function	flow_reader/analyzer.py	123	-
_safe_decode	function	flow_reader/analyzer.py	129	-
_select_capture	function	flow_reader/analyzer.py	138	-
_pcapng_options	function	flow_reader/analyzer.py	178	-
_timestamp_resolution	function	flow_reader/analyzer.py	199	-
_network_payload	function	flow_reader/analyzer.py	207	-
_tcp_packet	function	flow_reader/analyzer.py	225	-
_read_streams	function	flow_reader/analyzer.py	273	-
_reassemble	function	flow_reader/analyzer.py	425	-
_method	function	flow_reader/analyzer.py	485	-
_prepare_target	function	flow_reader/analyzer.py	490	-
_request_handle	function	flow_reader/analyzer.py	495	-
_response_handle	function	flow_reader/analyzer.py	501	-
_extract_filters	function	flow_reader/analyzer.py	506	-
_extract_close_codes	function	flow_reader/analyzer.py	536	-
_extract_numbers	function	flow_reader/analyzer.py	565	-
_text_fragments	function	flow_reader/analyzer.py	588	-
_preview	function	flow_reader/analyzer.py	615	-
_classify	function	flow_reader/analyzer.py	629	-
_response_state	function	flow_reader/analyzer.py	674	-
_analyze_stream	function	flow_reader/analyzer.py	685	-
_summary	function	flow_reader/analyzer.py	777	-
analyze_capture	function	flow_reader/analyzer.py	830	-
FlowReaderServer	class	flow_reader/server.py	47	-
FlowReaderHandler	class	flow_reader/server.py	52	-
version_string	method	flow_reader/server.py	56	FlowReaderHandler
end_headers	method	flow_reader/server.py	59	FlowReaderHandler
log_message	method	flow_reader/server.py	65	FlowReaderHandler
_trusted	method	flow_reader/server.py	68	FlowReaderHandler
_json	method	flow_reader/server.py	76	FlowReaderHandler
_static	method	flow_reader/server.py	89	FlowReaderHandler
do_GET	method	flow_reader/server.py	109	FlowReaderHandler
do_POST	method	flow_reader/server.py	127	FlowReaderHandler
main	function	flow_reader/server.py	161	-
node	function	flow_reader/static/app.js	46	-
formatBytes	function	flow_reader/static/app.js	53	-
formatDuration	function	flow_reader/static/app.js	65	-
localTime	function	flow_reader/static/app.js	75	-
toast	function	flow_reader/static/app.js	85	-
validFile	function	flow_reader/static/app.js	92	-
setFile	function	flow_reader/static/app.js	96	-
wireDropzone	function	flow_reader/static/app.js	114	-
analyzeFile	function	flow_reader/static/app.js	129	-
runAnalysis	function	flow_reader/static/app.js	149	-
metric	function	flow_reader/static/app.js	170	-
renderMetrics	function	flow_reader/static/app.js	177	-
renderMethods	function	flow_reader/static/app.js	189	-
methodMap	function	flow_reader/static/app.js	206	-
compareEntry	function	flow_reader/static/app.js	210	-
differenceList	function	flow_reader/static/app.js	217	-
renderComparison	function	flow_reader/static/app.js	232	-
evidenceChips	function	flow_reader/static/app.js	262	-
searchable	function	flow_reader/static/app.js	272	-
filteredFlows	function	flow_reader/static/app.js	281	-
flowRow	function	flow_reader/static/app.js	295	-
renderFlows	function	flow_reader/static/app.js	323	-
addDetailItem	function	flow_reader/static/app.js	333	-
detailSection	function	flow_reader/static/app.js	339	-
payloadSection	function	flow_reader/static/app.js	354	-
openFlow	function	flow_reader/static/app.js	389	-
renderPorts	function	flow_reader/static/app.js	420	-
renderResults	function	flow_reader/static/app.js	431	-
resetAnalysis	function	flow_reader/static/app.js	443	-
exportResult	function	flow_reader/static/app.js	452	-
MaterialTransferUncertainError	class	imperium_api.py	108	-
CloseConfirmationUncertainError	class	imperium_api.py	112	-
CloseStateConflictError	class	imperium_api.py	116	-
_MaterialTransferReconnectRequired	class	imperium_api.py	120	-
Order	class	imperium_api.py	125	-
to_dict	method	imperium_api.py	133	Order
CloseCode	class	imperium_api.py	138	-
to_dict	method	imperium_api.py	148	CloseCode
Equipment	class	imperium_api.py	158	-
StockMaterial	class	imperium_api.py	173	-
to_dict	method	imperium_api.py	187	StockMaterial
DetailContext	class	imperium_api.py	200	-
normalize_text	function	imperium_api.py	207	-
ImperiumAPI	class	imperium_api.py	217	-
__init__	method	imperium_api.py	218	ImperiumAPI
_credentials	method	imperium_api.py	803	ImperiumAPI
_client	method	imperium_api.py	806	ImperiumAPI
_handle	method	imperium_api.py	817	ImperiumAPI
_automation_date	method	imperium_api.py	825	ImperiumAPI
_main_query_for	method	imperium_api.py	832	ImperiumAPI
_fetch_main_payload	method	imperium_api.py	869	ImperiumAPI
_parse_orders	method	imperium_api.py	925	ImperiumAPI
list_orders	method	imperium_api.py	989	ImperiumAPI
installer_change_enabled	method	imperium_api.py	1060	ImperiumAPI
serialized_transfer_enabled	method	imperium_api.py	1064	ImperiumAPI
order_installer	method	imperium_api.py	1067	ImperiumAPI
change_order_installer	method	imperium_api.py	1098	ImperiumAPI
_dataset_payload	method	imperium_api.py	1169	ImperiumAPI
list_stock_technicians	method	imperium_api.py	1218	ImperiumAPI
_decimal_text	method	imperium_api.py	1239	ImperiumAPI
_stock_result	method	imperium_api.py	1245	ImperiumAPI
technician_stocks	method	imperium_api.py	1266	ImperiumAPI
technician_stock	method	imperium_api.py	1346	ImperiumAPI
find_serial_owner	method	imperium_api.py	1349	ImperiumAPI
_stock_serial_match	method	imperium_api.py	1482	ImperiumAPI
serialized_transfer_preview	method	imperium_api.py	1493	ImperiumAPI
_serialized_transfer_state	method	imperium_api.py	1567	ImperiumAPI
transfer_serialized_equipment	method	imperium_api.py	1593	ImperiumAPI
_encode_material_quantity	method	imperium_api.py	1815	ImperiumAPI
_writeoff_material_row	method	imperium_api.py	1836	ImperiumAPI
_prepare_material_delta_record	method	imperium_api.py	1888	ImperiumAPI
_build_material_apply_blob	method	imperium_api.py	1961	ImperiumAPI
_material_preflight_for	method	imperium_api.py	1998	ImperiumAPI
_run_material_preflight	method	imperium_api.py	2020	ImperiumAPI
_correction_location	method	imperium_api.py	2036	ImperiumAPI
_correction_identifiers	method	imperium_api.py	2047	ImperiumAPI
_create_correction_order	method	imperium_api.py	2053	ImperiumAPI
_material_was_applied	method	imperium_api.py	2140	ImperiumAPI
_apply_materials	method	imperium_api.py	2157	ImperiumAPI
_append_material_audit	method	imperium_api.py	2235	ImperiumAPI
_confirm_material_stock_decrease	method	imperium_api.py	2279	ImperiumAPI
quick_material_writeoff	method	imperium_api.py	2312	ImperiumAPI
_detail_query	method	imperium_api.py	2446	ImperiumAPI
_fetch_detail_on	method	imperium_api.py	2452	ImperiumAPI
_fetch_detail	method	imperium_api.py	2462	ImperiumAPI
_detail_parts	method	imperium_api.py	2467	ImperiumAPI
_detail_record	method	imperium_api.py	2478	ImperiumAPI
_read_short_text	method	imperium_api.py	2482	ImperiumAPI
_short_text	method	imperium_api.py	2496	ImperiumAPI
_looks_like_installer_name	method	imperium_api.py	2506	ImperiumAPI
_installer_context_from_record	method	imperium_api.py	2517	ImperiumAPI
_detail_context	method	imperium_api.py	2553	ImperiumAPI
_installed_lookup_query	method	imperium_api.py	2581	ImperiumAPI
_parse_installed_equipment	method	imperium_api.py	2644	ImperiumAPI
_lookup_installed_equipment	method	imperium_api.py	2724	ImperiumAPI
_equipment_matches_type	method	imperium_api.py	2760	ImperiumAPI
_adjust_query_length	method	imperium_api.py	2780	ImperiumAPI
_replace_utf16_value	method	imperium_api.py	2808	ImperiumAPI
_replace_utf16_parameter	method	imperium_api.py	2826	ImperiumAPI
_replace_integer_parameter	method	imperium_api.py	2854	ImperiumAPI
_material_catalog_query	method	imperium_api.py	2866	ImperiumAPI
_toa_material_lookup_query	method	imperium_api.py	2879	ImperiumAPI
_decimal_integer	method	imperium_api.py	2902	ImperiumAPI
_parse_material_catalog	method	imperium_api.py	2908	ImperiumAPI
_material_catalog_on	method	imperium_api.py	2948	ImperiumAPI
_stock_inventory_material_catalog_on	method	imperium_api.py	2969	ImperiumAPI
_manual_material_picker_query	method	imperium_api.py	3038	ImperiumAPI
_manual_material_picker_on	method	imperium_api.py	3050	ImperiumAPI
_reconcile_manual_materials	method	imperium_api.py	3074	ImperiumAPI
_manual_material_catalog_on	method	imperium_api.py	3122	ImperiumAPI
_combined_material_catalog_on	method	imperium_api.py	3140	ImperiumAPI
_toa_material_lookup_terms	method	imperium_api.py	3180	ImperiumAPI
_lookup_material_by_code_on	method	imperium_api.py	3198	ImperiumAPI
_toa_material_lookup_on	method	imperium_api.py	3221	ImperiumAPI
resolve_toa_materials	method	imperium_api.py	3247	ImperiumAPI
_attach_return_stock_preview	method	imperium_api.py	3339	ImperiumAPI
list_material_inventory	method	imperium_api.py	3352	ImperiumAPI
_build_dsploc_string_param	method	imperium_api.py	3435	ImperiumAPI
_build_dsploc_equipment_query	method	imperium_api.py	3453	ImperiumAPI
_parse_dsploc_equipment_record	method	imperium_api.py	3483	ImperiumAPI
lookup_equipment_group_by_code	method	imperium_api.py	3653	ImperiumAPI
_lookup_equipment_group_by_code_on	method	imperium_api.py	3666	ImperiumAPI
prepare_official_materials	method	imperium_api.py	3701	ImperiumAPI
_installed_parts	method	imperium_api.py	4157	ImperiumAPI
_removed_parts	method	imperium_api.py	4199	ImperiumAPI
_material_row	method	imperium_api.py	4226	ImperiumAPI
_material_transfer_xml	method	imperium_api.py	4258	ImperiumAPI
_material_transfer_query	method	imperium_api.py	4281	ImperiumAPI
_provider_close_query	method	imperium_api.py	4309	ImperiumAPI
_close_code_lookup_query	method	imperium_api.py	4315	ImperiumAPI
_parse_close_code_id	method	imperium_api.py	4340	ImperiumAPI
_lookup_close_code_id	method	imperium_api.py	4369	ImperiumAPI
_suffix_with_close_code_id	method	imperium_api.py	4404	ImperiumAPI
_suffix_with_observation	method	imperium_api.py	4415	ImperiumAPI
_apply_error_message	method	imperium_api.py	4445	ImperiumAPI
_transfer_material_shortfalls	method	imperium_api.py	4462	ImperiumAPI
_material_source_shortages_on	method	imperium_api.py	4565	ImperiumAPI
_material_virtual_stock_quantities_on	method	imperium_api.py	4583	ImperiumAPI
_named_virtual_stock_id	method	imperium_api.py	4618	ImperiumAPI
_material_shortfalls_confirmed	method	imperium_api.py	4648	ImperiumAPI
_assemble_apply_blob	method	imperium_api.py	4705	ImperiumAPI
_packet_from_modified_record	method	imperium_api.py	4742	ImperiumAPI
_build_apply_blob	method	imperium_api.py	4782	ImperiumAPI
_build_productive_apply_blob	method	imperium_api.py	4786	ImperiumAPI
_append_audit	method	imperium_api.py	4865	ImperiumAPI
close_code	method	imperium_api.py	4895	ImperiumAPI
close_improductive_catalog	method	imperium_api.py	4902	ImperiumAPI
_detail_close_code	method	imperium_api.py	4957	ImperiumAPI
_is_closed	method	imperium_api.py	4994	ImperiumAPI
_same_remote_order	method	imperium_api.py	5004	ImperiumAPI
_remote_order_status	method	imperium_api.py	5011	ImperiumAPI
_guard_remote_close_state	method	imperium_api.py	5028	ImperiumAPI
_confirm_remote_close_state	method	imperium_api.py	5061	ImperiumAPI
_close_order_with_builder	method	imperium_api.py	5090	ImperiumAPI
close_order	method	imperium_api.py	5391	ImperiumAPI
close_productive	method	imperium_api.py	5432	ImperiumAPI
close_106	method	imperium_api.py	5766	ImperiumAPI
_send_import_packet	method	imperium_api.py	5769	ImperiumAPI
native_creation_enabled	method	imperium_api.py	5850	ImperiumAPI
native_creation_services	method	imperium_api.py	5853	ImperiumAPI
_native_contract_payload	method	imperium_api.py	5856	ImperiumAPI
_native_contract_context	method	imperium_api.py	5886	ImperiumAPI
_confirm_native_order	method	imperium_api.py	5915	ImperiumAPI
_native_creation_result	method	imperium_api.py	5960	ImperiumAPI
create_native_orders	method	imperium_api.py	5977	ImperiumAPI
_confirm_import_after_timeout	method	imperium_api.py	6185	ImperiumAPI
import_toa	method	imperium_api.py	6280	ImperiumAPI
status	method	imperium_api.py	6308	ImperiumAPI
_NoRedirectHandler	class	imperium_http_api.py	58	-
redirect_request	method	imperium_http_api.py	61	_NoRedirectHandler
_secure_urlopen	function	imperium_http_api.py	68	-
ImperiumHTTPValidationError	class	imperium_http_api.py	72	-
ImperiumHTTPError	class	imperium_http_api.py	76	-
__init__	method	imperium_http_api.py	77	ImperiumHTTPError
ImperiumHTTPUncertainError	class	imperium_http_api.py	83	-
ImperiumHTTPResult	class	imperium_http_api.py	88	-
accepted	method	imperium_http_api.py	93	ImperiumHTTPResult
requires_confirmation	method	imperium_http_api.py	97	ImperiumHTTPResult
_required_text	function	imperium_http_api.py	101	-
_quantity_text	function	imperium_http_api.py	108	-
build_close_payload	function	imperium_http_api.py	120	-
validate_close_payload	function	imperium_http_api.py	167	-
_decode_response	function	imperium_http_api.py	261	-
_safe_positive_id	function	imperium_http_api.py	271	-
_login_identity	function	imperium_http_api.py	281	-
_boolish	function	imperium_http_api.py	310	-
_data_list	function	imperium_http_api.py	318	-
_jwt_expiry	function	imperium_http_api.py	329	-
ImperiumHTTPClient	class	imperium_http_api.py	339	-
__init__	method	imperium_http_api.py	340	ImperiumHTTPClient
_sanitize	method	imperium_http_api.py	383	ImperiumHTTPClient
_request_json	method	imperium_http_api.py	399	ImperiumHTTPClient
_official_get_path	method	imperium_http_api.py	460	ImperiumHTTPClient
_request_get_json	method	imperium_http_api.py	471	ImperiumHTTPClient
_authenticated_get	method	imperium_http_api.py	517	ImperiumHTTPClient
login	method	imperium_http_api.py	535	ImperiumHTTPClient
clear_token	method	imperium_http_api.py	584	ImperiumHTTPClient
login_metadata	method	imperium_http_api.py	590	ImperiumHTTPClient
list_stocks	method	imperium_http_api.py	594	ImperiumHTTPClient
installer_stocks	method	imperium_http_api.py	598	ImperiumHTTPClient
stock_balance	method	imperium_http_api.py	607	ImperiumHTTPClient
stock_catalog	method	imperium_http_api.py	616	ImperiumHTTPClient
stock_items	method	imperium_http_api.py	645	ImperiumHTTPClient
close_order	method	imperium_http_api.py	682	ImperiumHTTPClient
_main	function	imperium_http_api.py	714	-
_text	function	imperium_http_plan.py	26	-
_normalized	function	imperium_http_plan.py	30	-
_external_id	function	imperium_http_plan.py	35	-
_item_point	function	imperium_http_plan.py	39	-
_task_for_order	function	imperium_http_plan.py	43	-
_movement_points	function	imperium_http_plan.py	52	-
_belongs_to_order	function	imperium_http_plan.py	62	-
build_official_close_plan	function	imperium_http_plan.py	74	-
build_contract_official_plans	function	imperium_http_plan.py	240	-
normalize	function	import_technicians_xlsx.py	42	-
team_label	function	import_technicians_xlsx.py	54	-
import_directory	function	import_technicians_xlsx.py	63	-
main	function	import_technicians_xlsx.py	136	-
InstallerChangeProtocol	class	installer_change.py	26	-
__init__	method	installer_change.py	27	InstallerChangeProtocol
build_query	method	installer_change.py	86	InstallerChangeProtocol
_contains_blob	method	installer_change.py	103	InstallerChangeProtocol
confirmed	method	installer_change.py	112	InstallerChangeProtocol
hasOffscreenDocument	function	integrations/toa_cloud_bridge/extension-central-2.6.3/background.js	26	-
ensureOffscreenDocument	function	integrations/toa_cloud_bridge/extension-central-2.6.3/background.js	43	-
probeHost	function	integrations/toa_cloud_bridge/extension-central-2.6.3/background.js	68	-
getHost	function	integrations/toa_cloud_bridge/extension-central-2.6.3/background.js	83	-
bridgeFetch	function	integrations/toa_cloud_bridge/extension-central-2.6.3/background.js	102	-
wakeAtlasTabs	function	integrations/toa_cloud_bridge/extension-central-2.6.3/background.js	137	-
cloudConfig	function	integrations/toa_cloud_bridge/extension-central-2.6.3/background.js	181	-
cloudFetch	function	integrations/toa_cloud_bridge/extension-central-2.6.3/background.js	195	-
sleep	function	integrations/toa_cloud_bridge/extension-central-2.6.3/content-atlas-main.js	60	-
startAtlasLeaderElection	function	integrations/toa_cloud_bridge/extension-central-2.6.3/content-atlas-main.js	64	-
loadPendingAction	function	integrations/toa_cloud_bridge/extension-central-2.6.3/content-atlas-main.js	87	-
savePendingAction	function	integrations/toa_cloud_bridge/extension-central-2.6.3/content-atlas-main.js	99	-
clearPendingAction	function	integrations/toa_cloud_bridge/extension-central-2.6.3/content-atlas-main.js	105	-
normalizeText	function	integrations/toa_cloud_bridge/extension-central-2.6.3/content-atlas-main.js	111	-
normalizeCode	function	integrations/toa_cloud_bridge/extension-central-2.6.3/content-atlas-main.js	120	-
codesInText	function	integrations/toa_cloud_bridge/extension-central-2.6.3/content-atlas-main.js	130	-
htmlToText	function	integrations/toa_cloud_bridge/extension-central-2.6.3/content-atlas-main.js	143	-
boldCodesInHtml	function	integrations/toa_cloud_bridge/extension-central-2.6.3/content-atlas-main.js	149	-
boldCodesFromMatchingCells	function	integrations/toa_cloud_bridge/extension-central-2.6.3/content-atlas-main.js	173	-
pickBaixavel	function	integrations/toa_cloud_bridge/extension-central-2.6.3/content-atlas-main.js	198	-
normalizeContract	function	integrations/toa_cloud_bridge/extension-central-2.6.3/content-atlas-main.js	205	-
boldCodesInElement	function	integrations/toa_cloud_bridge/extension-central-2.6.3/content-atlas-main.js	210	-
addText	function	integrations/toa_cloud_bridge/extension-central-2.6.3/content-atlas-main.js	214	-
hasUsefulResult	function	integrations/toa_cloud_bridge/extension-central-2.6.3/content-atlas-main.js	238	-
makeNoResultPayload	function	integrations/toa_cloud_bridge/extension-central-2.6.3/content-atlas-main.js	247	-
pageHasNoRecords	function	integrations/toa_cloud_bridge/extension-central-2.6.3/content-atlas-main.js	265	-
currentActionSerial	function	integrations/toa_cloud_bridge/extension-central-2.6.3/content-atlas-main.js	276	-
appendTentativa	function	integrations/toa_cloud_bridge/extension-central-2.6.3/content-atlas-main.js	282	-
resolveBridgeAction	function	integrations/toa_cloud_bridge/extension-central-2.6.3/content-atlas-main.js	288	-
bridgeFetch	function	integrations/toa_cloud_bridge/extension-central-2.6.3/content-atlas-main.js	300	-
initBridgeProxy	function	integrations/toa_cloud_bridge/extension-central-2.6.3/content-atlas-main.js	320	-
getRastreioField	function	integrations/toa_cloud_bridge/extension-central-2.6.3/content-atlas-main.js	344	-
pageFilterCodes	function	integrations/toa_cloud_bridge/extension-central-2.6.3/content-atlas-main.js	348	-
addFromText	function	integrations/toa_cloud_bridge/extension-central-2.6.3/content-atlas-main.js	351	-
isOnRastreioPage	function	integrations/toa_cloud_bridge/extension-central-2.6.3/content-atlas-main.js	382	-
ensureRastreioPage	function	integrations/toa_cloud_bridge/extension-central-2.6.3/content-atlas-main.js	386	-
clickElement	function	integrations/toa_cloud_bridge/extension-central-2.6.3/content-atlas-main.js	398	-
findReportButton	function	integrations/toa_cloud_bridge/extension-central-2.6.3/content-atlas-main.js	405	-
typeSerial	function	integrations/toa_cloud_bridge/extension-central-2.6.3/content-atlas-main.js	421	-
headerKey	function	integrations/toa_cloud_bridge/extension-central-2.6.3/content-atlas-main.js	438	-
assetHeaderKey	function	integrations/toa_cloud_bridge/extension-central-2.6.3/content-atlas-main.js	469	-
indexMapFromRow	function	integrations/toa_cloud_bridge/extension-central-2.6.3/content-atlas-main.js	479	-
assetIndexMapFromRow	function	integrations/toa_cloud_bridge/extension-central-2.6.3/content-atlas-main.js	489	-
cellText	function	integrations/toa_cloud_bridge/extension-central-2.6.3/content-atlas-main.js	499	-
cellNode	function	integrations/toa_cloud_bridge/extension-central-2.6.3/content-atlas-main.js	505	-
collectCodesFromCells	function	integrations/toa_cloud_bridge/extension-central-2.6.3/content-atlas-main.js	511	-
getReadableDocuments	function	integrations/toa_cloud_bridge/extension-central-2.6.3/content-atlas-main.js	535	-
directHistoryRows	function	integrations/toa_cloud_bridge/extension-central-2.6.3/content-atlas-main.js	545	-
collectAssetCodes	function	integrations/toa_cloud_bridge/extension-central-2.6.3/content-atlas-main.js	552	-
historyRowFromCellsByMap	function	integrations/toa_cloud_bridge/extension-central-2.6.3/content-atlas-main.js	610	-
buildHistoryRowFromCells	function	integrations/toa_cloud_bridge/extension-central-2.6.3/content-atlas-main.js	643	-
summarizeHistoryRows	function	integrations/toa_cloud_bridge/extension-central-2.6.3/content-atlas-main.js	672	-
extractFixedHistorySummary	function	integrations/toa_cloud_bridge/extension-central-2.6.3/content-atlas-main.js	695	-
extractFixedHistoryRow	function	integrations/toa_cloud_bridge/extension-central-2.6.3/content-atlas-main.js	709	-
extractHistoryByHeader	function	integrations/toa_cloud_bridge/extension-central-2.6.3/content-atlas-main.js	713	-
htmlFragmentText	function	integrations/toa_cloud_bridge/extension-central-2.6.3/content-atlas-main.js	751	-
extractAtlasResultFromHtml	function	integrations/toa_cloud_bridge/extension-central-2.6.3/content-atlas-main.js	757	-
buildAtlasResult	function	integrations/toa_cloud_bridge/extension-central-2.6.3/content-atlas-main.js	805	-
extractAtlasResult	function	integrations/toa_cloud_bridge/extension-central-2.6.3/content-atlas-main.js	857	-
waitResult	function	integrations/toa_cloud_bridge/extension-central-2.6.3/content-atlas-main.js	920	-
directCells	function	integrations/toa_cloud_bridge/extension-central-2.6.3/content-atlas-main.js	937	-
directRows	function	integrations/toa_cloud_bridge/extension-central-2.6.3/content-atlas-main.js	943	-
makeAtlasDirectError	function	integrations/toa_cloud_bridge/extension-central-2.6.3/content-atlas-main.js	957	-
uniqueCaseInsensitive	function	integrations/toa_cloud_bridge/extension-central-2.6.3/content-atlas-main.js	963	-
atlasDocumentLooksLoggedOut	function	integrations/toa_cloud_bridge/extension-central-2.6.3/content-atlas-main.js	976	-
fetchAtlasDocument	function	integrations/toa_cloud_bridge/extension-central-2.6.3/content-atlas-main.js	989	-
extractBoldCodesFromCell	function	integrations/toa_cloud_bridge/extension-central-2.6.3/content-atlas-main.js	1032	-
parseAtlasEquipment	function	integrations/toa_cloud_bridge/extension-central-2.6.3/content-atlas-main.js	1068	-
isAtlasHistoryHeader	function	integrations/toa_cloud_bridge/extension-central-2.6.3/content-atlas-main.js	1115	-
parseAtlasHistoryRow	function	integrations/toa_cloud_bridge/extension-central-2.6.3/content-atlas-main.js	1127	-
parseAtlasHistory	function	integrations/toa_cloud_bridge/extension-central-2.6.3/content-atlas-main.js	1159	-
dedupeAtlasHistory	function	integrations/toa_cloud_bridge/extension-central-2.6.3/content-atlas-main.js	1184	-
atlasPageUrls	function	integrations/toa_cloud_bridge/extension-central-2.6.3/content-atlas-main.js	1199	-
atlasNoRecords	function	integrations/toa_cloud_bridge/extension-central-2.6.3/content-atlas-main.js	1220	-
atlasMacAliasCandidates	function	integrations/toa_cloud_bridge/extension-central-2.6.3/content-atlas-main.js	1230	-
queryAtlasDirectAttempt	function	integrations/toa_cloud_bridge/extension-central-2.6.3/content-atlas-main.js	1258	-
queryAtlasDirect	function	integrations/toa_cloud_bridge/extension-central-2.6.3/content-atlas-main.js	1409	-
makePendingAction	function	integrations/toa_cloud_bridge/extension-central-2.6.3/content-atlas-main.js	1444	-
resumePendingAction	function	integrations/toa_cloud_bridge/extension-central-2.6.3/content-atlas-main.js	1457	-
runKeepalive	function	integrations/toa_cloud_bridge/extension-central-2.6.3/content-atlas-main.js	1556	-
processPendingQuery	function	integrations/toa_cloud_bridge/extension-central-2.6.3/content-atlas-main.js	1575	-
pingBridge	function	integrations/toa_cloud_bridge/extension-central-2.6.3/content-atlas-main.js	1599	-
runAtlasTick	function	integrations/toa_cloud_bridge/extension-central-2.6.3/content-atlas-main.js	1620	-
init	function	integrations/toa_cloud_bridge/extension-central-2.6.3/content-atlas-main.js	1645	-
bridgeFetch	function	integrations/toa_cloud_bridge/extension-central-2.6.3/content-isolated.js	9	-
initBridgeProxy	function	integrations/toa_cloud_bridge/extension-central-2.6.3/content-main.js	50	-
bridgeFetchProxy	function	integrations/toa_cloud_bridge/extension-central-2.6.3/content-main.js	85	-
sleep	function	integrations/toa_cloud_bridge/extension-central-2.6.3/content-main.js	111	-
normalizeText	function	integrations/toa_cloud_bridge/extension-central-2.6.3/content-main.js	113	-
firstText	function	integrations/toa_cloud_bridge/extension-central-2.6.3/content-main.js	121	-
getValueByLabel	function	integrations/toa_cloud_bridge/extension-central-2.6.3/content-main.js	129	-
getTipoAtividade	function	integrations/toa_cloud_bridge/extension-central-2.6.3/content-main.js	144	-
getStatusAtividade	function	integrations/toa_cloud_bridge/extension-central-2.6.3/content-main.js	148	-
formatPhone	function	integrations/toa_cloud_bridge/extension-central-2.6.3/content-main.js	152	-
onlyDigits	function	integrations/toa_cloud_bridge/extension-central-2.6.3/content-main.js	160	-
isValidCPF	function	integrations/toa_cloud_bridge/extension-central-2.6.3/content-main.js	164	-
formatCPF	function	integrations/toa_cloud_bridge/extension-central-2.6.3/content-main.js	181	-
isValidCNPJ	function	integrations/toa_cloud_bridge/extension-central-2.6.3/content-main.js	187	-
calculate	function	integrations/toa_cloud_bridge/extension-central-2.6.3/content-main.js	190	-
formatCNPJ	function	integrations/toa_cloud_bridge/extension-central-2.6.3/content-main.js	201	-
parseCustomerDocument	function	integrations/toa_cloud_bridge/extension-central-2.6.3/content-main.js	207	-
formatPhoneDisplay	function	integrations/toa_cloud_bridge/extension-central-2.6.3/content-main.js	226	-
lookupCattaForCtx	function	integrations/toa_cloud_bridge/extension-central-2.6.3/content-main.js	233	-
syncCtxComBot	function	integrations/toa_cloud_bridge/extension-central-2.6.3/content-main.js	287	-
syncTodosComBot	function	integrations/toa_cloud_bridge/extension-central-2.6.3/content-main.js	364	-
getElementByText	function	integrations/toa_cloud_bridge/extension-central-2.6.3/content-main.js	410	-
getFromIndex	function	integrations/toa_cloud_bridge/extension-central-2.6.3/content-main.js	419	-
sanitizeTechnicianName	function	integrations/toa_cloud_bridge/extension-central-2.6.3/content-main.js	428	-
getTechName	function	integrations/toa_cloud_bridge/extension-central-2.6.3/content-main.js	436	-
getContratoFromIndex	function	integrations/toa_cloud_bridge/extension-central-2.6.3/content-main.js	462	-
getNomeFromIndex	function	integrations/toa_cloud_bridge/extension-central-2.6.3/content-main.js	467	-
getComplemento	function	integrations/toa_cloud_bridge/extension-central-2.6.3/content-main.js	469	-
getContractFromScreen	function	integrations/toa_cloud_bridge/extension-central-2.6.3/content-main.js	471	-
getActiveAidFromUrl	function	integrations/toa_cloud_bridge/extension-central-2.6.3/content-main.js	478	-
getFieldValueFromScreen	function	integrations/toa_cloud_bridge/extension-central-2.6.3/content-main.js	483	-
isRegionalPhone	function	integrations/toa_cloud_bridge/extension-central-2.6.3/content-main.js	494	-
collectPhonesFromText	function	integrations/toa_cloud_bridge/extension-central-2.6.3/content-main.js	500	-
collectPhonesFromScreen	function	integrations/toa_cloud_bridge/extension-central-2.6.3/content-main.js	512	-
normalizeSerialRaw	function	integrations/toa_cloud_bridge/extension-central-2.6.3/content-main.js	537	-
stripSerialStars	function	integrations/toa_cloud_bridge/extension-central-2.6.3/content-main.js	541	-
serialKindFromRaw	function	integrations/toa_cloud_bridge/extension-central-2.6.3/content-main.js	545	-
looksLikeSerial	function	integrations/toa_cloud_bridge/extension-central-2.6.3/content-main.js	553	-
extractEquipmentSerialsFromDom	function	integrations/toa_cloud_bridge/extension-central-2.6.3/content-main.js	561	-
byProp	function	integrations/toa_cloud_bridge/extension-central-2.6.3/content-main.js	578	-
byPos	function	integrations/toa_cloud_bridge/extension-central-2.6.3/content-main.js	582	-
buildSerialReportText	function	integrations/toa_cloud_bridge/extension-central-2.6.3/content-main.js	608	-
syncCurrentScreenWithBot	function	integrations/toa_cloud_bridge/extension-central-2.6.3/content-main.js	614	-
deepScanOFSC	function	integrations/toa_cloud_bridge/extension-central-2.6.3/content-main.js	668	-
extractFormData	function	integrations/toa_cloud_bridge/extension-central-2.6.3/content-main.js	865	-
looksLikeHasPhones	function	integrations/toa_cloud_bridge/extension-central-2.6.3/content-main.js	871	-
resolveToaUrl	function	integrations/toa_cloud_bridge/extension-central-2.6.3/content-main.js	880	-
isSearchRequestUrl	function	integrations/toa_cloud_bridge/extension-central-2.6.3/content-main.js	888	-
isDetailsRequestUrl	function	integrations/toa_cloud_bridge/extension-central-2.6.3/content-main.js	897	-
extractUrlEncodedEntries	function	integrations/toa_cloud_bridge/extension-central-2.6.3/content-main.js	906	-
allowedReplayHeaders	function	integrations/toa_cloud_bridge/extension-central-2.6.3/content-main.js	914	-
rememberProviders	function	integrations/toa_cloud_bridge/extension-central-2.6.3/content-main.js	923	-
resolveTechnicianForRow	function	integrations/toa_cloud_bridge/extension-central-2.6.3/content-main.js	940	-
todayIsoSaoPaulo	function	integrations/toa_cloud_bridge/extension-central-2.6.3/content-main.js	963	-
chooseSearchRow	function	integrations/toa_cloud_bridge/extension-central-2.6.3/content-main.js	971	-
captureSyncTemplate	function	integrations/toa_cloud_bridge/extension-central-2.6.3/content-main.js	976	-
buildSearchParamsFromSync	function	integrations/toa_cloud_bridge/extension-central-2.6.3/content-main.js	998	-
captureSearchTemplate	function	integrations/toa_cloud_bridge/extension-central-2.6.3/content-main.js	1023	-
captureDetailsTemplate	function	integrations/toa_cloud_bridge/extension-central-2.6.3/content-main.js	1039	-
captureTemplatesFromRequest	function	integrations/toa_cloud_bridge/extension-central-2.6.3/content-main.js	1057	-
makeToaError	function	integrations/toa_cloud_bridge/extension-central-2.6.3/content-main.js	1064	-
isLoginLikeResponse	function	integrations/toa_cloud_bridge/extension-central-2.6.3/content-main.js	1071	-
replayHeaders	function	integrations/toa_cloud_bridge/extension-central-2.6.3/content-main.js	1082	-
xhrRequestWithTimeout	function	integrations/toa_cloud_bridge/extension-central-2.6.3/content-main.js	1096	-
xhrToaJson	function	integrations/toa_cloud_bridge/extension-central-2.6.3/content-main.js	1122	-
normalizeContractDirect	function	integrations/toa_cloud_bridge/extension-central-2.6.3/content-main.js	1132	-
searchContractDirect	function	integrations/toa_cloud_bridge/extension-central-2.6.3/content-main.js	1138	-
fetchActivityDirect	function	integrations/toa_cloud_bridge/extension-central-2.6.3/content-main.js	1178	-
extractWorkTypeFromIdentifier	function	integrations/toa_cloud_bridge/extension-central-2.6.3/content-main.js	1206	-
normalizedCaptureFromResponse	function	integrations/toa_cloud_bridge/extension-central-2.6.3/content-main.js	1212	-
legacyEquipmentFromCapture	function	integrations/toa_cloud_bridge/extension-central-2.6.3/content-main.js	1228	-
legacyMaterialFromCapture	function	integrations/toa_cloud_bridge/extension-central-2.6.3/content-main.js	1243	-
dedupeLegacyEquipment	function	integrations/toa_cloud_bridge/extension-central-2.6.3/content-main.js	1266	-
poolPriority	function	integrations/toa_cloud_bridge/extension-central-2.6.3/content-main.js	1268	-
applyNormalizedCapture	function	integrations/toa_cloud_bridge/extension-central-2.6.3/content-main.js	1293	-
parseDirectActivityResponse	function	integrations/toa_cloud_bridge/extension-central-2.6.3/content-main.js	1336	-
routeForSearchRow	function	integrations/toa_cloud_bridge/extension-central-2.6.3/content-main.js	1404	-
lookupContractDirect	function	integrations/toa_cloud_bridge/extension-central-2.6.3/content-main.js	1413	-
collectAidsFromDOM	function	integrations/toa_cloud_bridge/extension-central-2.6.3/content-main.js	1526	-
collectAidsSmart	function	integrations/toa_cloud_bridge/extension-central-2.6.3/content-main.js	1552	-
postWithTemplateForAid	function	integrations/toa_cloud_bridge/extension-central-2.6.3/content-main.js	1562	-
TYPING_DELAY	function	integrations/toa_cloud_bridge/extension-central-2.6.3/content-main.js	1667	-
CLICK_PAUSE	function	integrations/toa_cloud_bridge/extension-central-2.6.3/content-main.js	1668	-
bumpLookupAttempt	function	integrations/toa_cloud_bridge/extension-central-2.6.3/content-main.js	1674	-
getLookupAttempt	function	integrations/toa_cloud_bridge/extension-central-2.6.3/content-main.js	1684	-
clearLookupAttempt	function	integrations/toa_cloud_bridge/extension-central-2.6.3/content-main.js	1691	-
isVisible	function	integrations/toa_cloud_bridge/extension-central-2.6.3/content-main.js	1697	-
findGlobalSearchInput	function	integrations/toa_cloud_bridge/extension-central-2.6.3/content-main.js	1712	-
findSearchToggleButton	function	integrations/toa_cloud_bridge/extension-central-2.6.3/content-main.js	1735	-
clickLikeHuman	function	integrations/toa_cloud_bridge/extension-central-2.6.3/content-main.js	1752	-
abrirCampoBuscaSeNecessario	function	integrations/toa_cloud_bridge/extension-central-2.6.3/content-main.js	1773	-
humanTypeInField	function	integrations/toa_cloud_bridge/extension-central-2.6.3/content-main.js	1819	-
clicarPrimeiraOS	function	integrations/toa_cloud_bridge/extension-central-2.6.3/content-main.js	1930	-
clicarOSContratoExato	function	integrations/toa_cloud_bridge/extension-central-2.6.3/content-main.js	1973	-
waitForContractSynced	function	integrations/toa_cloud_bridge/extension-central-2.6.3/content-main.js	2053	-
normalizePendingWork	function	integrations/toa_cloud_bridge/extension-central-2.6.3/content-main.js	2065	-
checkPendingLookup	function	integrations/toa_cloud_bridge/extension-central-2.6.3/content-main.js	2088	-
ackLookup	function	integrations/toa_cloud_bridge/extension-central-2.6.3/content-main.js	2104	-
selectOperationalMaterials	function	integrations/toa_cloud_bridge/extension-central-2.6.3/content-main.js	2140	-
buildOperationalSnapshot	function	integrations/toa_cloud_bridge/extension-central-2.6.3/content-main.js	2153	-
equipment	function	integrations/toa_cloud_bridge/extension-central-2.6.3/content-main.js	2155	-
buildDisconnectSnapshot	function	integrations/toa_cloud_bridge/extension-central-2.6.3/content-main.js	2230	-
normalize	function	integrations/toa_cloud_bridge/extension-central-2.6.3/content-main.js	2241	-
autoLookupLoop	function	integrations/toa_cloud_bridge/extension-central-2.6.3/content-main.js	2299	-
onMouseDown	function	integrations/toa_cloud_bridge/extension-central-2.6.3/content-main.js	2654	-
render	function	integrations/toa_cloud_bridge/extension-central-2.6.3/content-main.js	2679	-
init	function	integrations/toa_cloud_bridge/extension-central-2.6.3/content-main.js	2794	-
pingFromPage	function	integrations/toa_cloud_bridge/extension-central-2.6.3/content-main.js	2800	-
normalizedPool	function	integrations/toa_cloud_bridge/extension-central-2.6.3/disconnect-inventory.js	10	-
movementKey	function	integrations/toa_cloud_bridge/extension-central-2.6.3/disconnect-inventory.js	14	-
mergeMovement	function	integrations/toa_cloud_bridge/extension-central-2.6.3/disconnect-inventory.js	20	-
classifyDisconnectInventory	function	integrations/toa_cloud_bridge/extension-central-2.6.3/disconnect-inventory.js	30	-
emitAtlasTick	function	integrations/toa_cloud_bridge/extension-central-2.6.3/offscreen-worker.js	3	-
wakeExtensionWorker	function	integrations/toa_cloud_bridge/extension-central-2.6.3/offscreen.js	5	-
load	function	integrations/toa_cloud_bridge/extension-central-2.6.3/options.js	9	-
fixture	function	integrations/toa_cloud_bridge/extension-central-2.6.3/test-toa-inventory-core.js	6	-
FakeXHR	class	integrations/toa_cloud_bridge/extension-central-2.6.3/test-toa-route-tree.cjs	6	-
installTOAAutoExport	function	integrations/toa_cloud_bridge/extension-central-2.6.3/toa-auto-export.js	1	-
delay	function	integrations/toa_cloud_bridge/extension-central-2.6.3/toa-auto-export.js	11	-
compact	function	integrations/toa_cloud_bridge/extension-central-2.6.3/toa-auto-export.js	12	-
validateDate	function	integrations/toa_cloud_bridge/extension-central-2.6.3/toa-auto-export.js	14	-
isDMVBucket	function	integrations/toa_cloud_bridge/extension-central-2.6.3/toa-auto-export.js	20	-
rememberTreeNode	function	integrations/toa_cloud_bridge/extension-central-2.6.3/toa-auto-export.js	24	-
rememberTimeResponse	function	integrations/toa_cloud_bridge/extension-central-2.6.3/toa-auto-export.js	54	-
routeForProvider	function	integrations/toa_cloud_bridge/extension-central-2.6.3/toa-auto-export.js	96	-
treeStatus	function	integrations/toa_cloud_bridge/extension-central-2.6.3/toa-auto-export.js	119	-
isTimeGet	function	integrations/toa_cloud_bridge/extension-central-2.6.3/toa-auto-export.js	127	-
installTimeResponseObserver	function	integrations/toa_cloud_bridge/extension-central-2.6.3/toa-auto-export.js	138	-
observedFetch	function	integrations/toa_cloud_bridge/extension-central-2.6.3/toa-auto-export.js	141	-
observedOpen	function	integrations/toa_cloud_bridge/extension-central-2.6.3/toa-auto-export.js	151	-
observedSend	function	integrations/toa_cloud_bridge/extension-central-2.6.3/toa-auto-export.js	156	-
discoverBuckets	function	integrations/toa_cloud_bridge/extension-central-2.6.3/toa-auto-export.js	170	-
generateDownloadId	function	integrations/toa_cloud_bridge/extension-central-2.6.3/toa-auto-export.js	190	-
buildDownloadUrl	function	integrations/toa_cloud_bridge/extension-central-2.6.3/toa-auto-export.js	194	-
oracleStatus	function	integrations/toa_cloud_bridge/extension-central-2.6.3/toa-auto-export.js	210	-
filenameFrom	function	integrations/toa_cloud_bridge/extension-central-2.6.3/toa-auto-export.js	229	-
exportBucket	function	integrations/toa_cloud_bridge/extension-central-2.6.3/toa-auto-export.js	240	-
exportRoute	function	integrations/toa_cloud_bridge/extension-central-2.6.3/toa-auto-export.js	308	-
cancelAll	function	integrations/toa_cloud_bridge/extension-central-2.6.3/toa-auto-export.js	315	-
text	function	integrations/toa_cloud_bridge/extension-central-2.6.3/toa-inventory-core.js	13	-
clone	function	integrations/toa_cloud_bridge/extension-central-2.6.3/toa-inventory-core.js	17	-
collectionEntries	function	integrations/toa_cloud_bridge/extension-central-2.6.3/toa-inventory-core.js	21	-
identifierText	function	integrations/toa_cloud_bridge/extension-central-2.6.3/toa-inventory-core.js	28	-
decimalString	function	integrations/toa_cloud_bridge/extension-central-2.6.3/toa-inventory-core.js	32	-
inventoryQuantities	function	integrations/toa_cloud_bridge/extension-central-2.6.3/toa-inventory-core.js	41	-
normalizePool	function	integrations/toa_cloud_bridge/extension-central-2.6.3/toa-inventory-core.js	63	-
normalizeInventoryItem	function	integrations/toa_cloud_bridge/extension-central-2.6.3/toa-inventory-core.js	71	-
activityTasks	function	integrations/toa_cloud_bridge/extension-central-2.6.3/toa-inventory-core.js	133	-
providerFromDelta	function	integrations/toa_cloud_bridge/extension-central-2.6.3/toa-inventory-core.js	147	-
providerSummary	function	integrations/toa_cloud_bridge/extension-central-2.6.3/toa-inventory-core.js	157	-
uniqueObjects	function	integrations/toa_cloud_bridge/extension-central-2.6.3/toa-inventory-core.js	167	-
normalizeForm	function	integrations/toa_cloud_bridge/extension-central-2.6.3/toa-inventory-core.js	176	-
classifyEquipment	function	integrations/toa_cloud_bridge/extension-central-2.6.3/toa-inventory-core.js	189	-
findActivity	function	integrations/toa_cloud_bridge/extension-central-2.6.3/toa-inventory-core.js	206	-
normalizeActivityResponse	function	integrations/toa_cloud_bridge/extension-central-2.6.3/toa-inventory-core.js	216	-
normalizeContract	function	integrations/toa_cloud_bridge/src/core.js	5	-
normalizeIdentifier	function	integrations/toa_cloud_bridge/src/core.js	13	-
text	function	integrations/toa_cloud_bridge/src/core.js	21	-
uniqueStrings	function	integrations/toa_cloud_bridge/src/core.js	25	-
sanitizeTask	function	integrations/toa_cloud_bridge/src/core.js	31	-
sanitizeInventory	function	integrations/toa_cloud_bridge/src/core.js	41	-
sanitizeInventoryList	function	integrations/toa_cloud_bridge/src/core.js	57	-
sanitizeValidation	function	integrations/toa_cloud_bridge/src/core.js	63	-
selectOperationalMaterials	function	integrations/toa_cloud_bridge/src/core.js	73	-
sanitizeOperationalSnapshot	function	integrations/toa_cloud_bridge/src/core.js	89	-
jsonSize	function	integrations/toa_cloud_bridge/src/core.js	185	-
BridgeInputError	class	integrations/toa_cloud_bridge/src/core.js	189	-
nowIso	function	integrations/toa_cloud_bridge/src/index.js	14	-
response	function	integrations/toa_cloud_bridge/src/index.js	18	-
bodyJson	function	integrations/toa_cloud_bridge/src/index.js	31	-
tokenMatches	function	integrations/toa_cloud_bridge/src/index.js	46	-
requireRole	function	integrations/toa_cloud_bridge/src/index.js	62	-
publicJob	function	integrations/toa_cloud_bridge/src/index.js	71	-
createLookup	function	integrations/toa_cloud_bridge/src/index.js	94	-
getLookup	function	integrations/toa_cloud_bridge/src/index.js	124	-
leaseNext	function	integrations/toa_cloud_bridge/src/index.js	136	-
completeLookup	function	integrations/toa_cloud_bridge/src/index.js	162	-
cleanup	function	integrations/toa_cloud_bridge/src/index.js	211	-
router	function	integrations/toa_cloud_bridge/src/index.js	224	-
ManualMaterial	class	manual_materials.py	26	-
to_dict	method	manual_materials.py	39	ManualMaterial
AppliedManualMaterial	class	manual_materials.py	46	-
to_dict	method	manual_materials.py	58	AppliedManualMaterial
_read_short_text	function	manual_materials.py	62	-
decode_fmtdbcd	function	manual_materials.py	77	-
parse_manual_material_catalog	function	manual_materials.py	99	-
parse_applied_manual_materials	function	manual_materials.py	164	-
ManualOrderProtocol	class	manual_orders.py	27	-
__init__	method	manual_orders.py	30	ManualOrderProtocol
_time_milliseconds	method	manual_orders.py	47	ManualOrderProtocol
_replace	method	manual_orders.py	52	ManualOrderProtocol
_recalculate_packet	method	manual_orders.py	69	ManualOrderProtocol
_validate_template	method	manual_orders.py	87	ManualOrderProtocol
build_packet	method	manual_orders.py	172	ManualOrderProtocol
approved_equivalence_group_for_code	function	material_matching.py	187	-
extract_material_code	function	material_matching.py	211	-
normalize_material_name	function	material_matching.py	225	-
toa_material_ignore_reason	function	material_matching.py	247	-
_positive_integer	function	material_matching.py	269	-
_candidate_rows	function	material_matching.py	281	-
resolve_material_requests	function	material_matching.py	307	-
_decimal_quantity	function	material_matching.py	487	-
distribute_by_group	function	material_matching.py	507	-
NativeContractContext	class	native_orders.py	28	-
NativeService	class	native_orders.py	44	-
normalize_text	function	native_orders.py	50	-
short_text	function	native_orders.py	60	-
nullable_text	function	native_orders.py	67	-
read_short_text	function	native_orders.py	71	-
NativeOrderProtocol	class	native_orders.py	82	-
__init__	method	native_orders.py	83	NativeOrderProtocol
service	method	native_orders.py	130	NativeOrderProtocol
contract_query	method	native_orders.py	139	NativeOrderProtocol
contains_os	method	native_orders.py	149	NativeOrderProtocol
_order_numbers	method	native_orders.py	161	NativeOrderProtocol
parse_contract	method	native_orders.py	175	NativeOrderProtocol
_replace_short	method	native_orders.py	331	NativeOrderProtocol
_replace_integer	method	native_orders.py	338	NativeOrderProtocol
build_packet	method	native_orders.py	344	NativeOrderProtocol
CandidateEvaluation	class	official_candidate_locator.py	35	-
to_dict	method	official_candidate_locator.py	55	CandidateEvaluation
evaluate_candidate	function	official_candidate_locator.py	59	-
generate_candidate_report	function	official_candidate_locator.py	167	-
_value	function	official_close.py	25	-
_text	function	official_close.py	31	-
_items	function	official_close.py	35	-
build_manual_official_plan	function	official_close.py	45	-
CloseCodeCatalogError	class	official_close_code_catalog.py	58	-
_clean_text	function	official_close_code_catalog.py	62	-
_sha256	function	official_close_code_catalog.py	75	-
_crop_text	function	official_close_code_catalog.py	88	-
extract_pdf_rows	function	official_close_code_catalog.py	103	-
build_close_code_catalog	function	official_close_code_catalog.py	187	-
_write_json_atomic	function	official_close_code_catalog.py	354	-
main	function	official_close_code_catalog.py	364	-
CloseCodeReconciliationError	class	official_close_code_reconciliation.py	36	-
_sha256	function	official_close_code_reconciliation.py	40	-
_identifier	function	official_close_code_reconciliation.py	53	-
normalize_description	function	official_close_code_reconciliation.py	71	-
load_registered_close_codes_xlsx	function	official_close_code_reconciliation.py	82	-
_pdf_descriptions	function	official_close_code_reconciliation.py	196	-
build_close_code_reconciliation	function	official_close_code_reconciliation.py	205	-
render_reconciliation_text	function	official_close_code_reconciliation.py	343	-
_write_json_atomic	function	official_close_code_reconciliation.py	418	-
_write_text_atomic	function	official_close_code_reconciliation.py	428	-
generate_reconciliation	function	official_close_code_reconciliation.py	435	-
main	function	official_close_code_reconciliation.py	462	-
ControlledDryRunError	class	official_close_dry_run.py	28	-
_text	function	official_close_dry_run.py	32	-
_normalized	function	official_close_dry_run.py	36	-
_external_id	function	official_close_dry_run.py	41	-
_item_point	function	official_close_dry_run.py	47	-
_task_for_order	function	official_close_dry_run.py	51	-
_belongs_to_order	function	official_close_dry_run.py	60	-
_quantity_text	function	official_close_dry_run.py	65	-
_build_close_payload	function	official_close_dry_run.py	77	-
copy_items	function	official_close_dry_run.py	117	-
_build_official_close_plan	function	official_close_dry_run.py	121	-
build_contract_official_plans	function	official_close_dry_run.py	318	-
_service_capability	function	official_close_dry_run.py	348	-
_official_order	function	official_close_dry_run.py	357	-
_validate_confirmed_route	function	official_close_dry_run.py	366	-
_validate_scheduled_date	function	official_close_dry_run.py	398	-
_validate_visible_close_code	function	official_close_dry_run.py	413	-
_validate_order_fields	function	official_close_dry_run.py	428	-
_validate_plan_conservation	function	official_close_dry_run.py	460	-
_validate_installed_serials	function	official_close_dry_run.py	508	-
_valid_code_format	function	official_close_dry_run.py	522	-
_validate_materials	function	official_close_dry_run.py	528	-
_validate_removed_serials	function	official_close_dry_run.py	564	-
_validate_inventory	function	official_close_dry_run.py	585	-
validate_single_official_payload	function	official_close_dry_run.py	591	-
_validate_close_only_inventory	function	official_close_dry_run.py	632	-
build_controlled_official_dry_run	function	official_close_dry_run.py	644	-
_main	function	official_close_dry_run.py	798	-
OfficialCloseSenderError	class	official_close_sender.py	53	-
OfficialCloseValidationError	class	official_close_sender.py	57	-
FingerprintMismatchError	class	official_close_sender.py	61	-
OperationConflictError	class	official_close_sender.py	65	-
RejectedReauthorizationRequired	class	official_close_sender.py	69	-
OfficialCloseUncertainError	class	official_close_sender.py	73	-
TransportResponse	class	official_close_sender.py	78	-
OfficialCloseTransport	class	official_close_sender.py	83	-
send	method	official_close_sender.py	84	OfficialCloseTransport
HttpsOfficialCloseTransport	class	official_close_sender.py	94	-
__init__	method	official_close_sender.py	97	HttpsOfficialCloseTransport
send	method	official_close_sender.py	102	HttpsOfficialCloseTransport
canonical_official_json	function	official_close_sender.py	136	-
official_payload_fingerprint	function	official_close_sender.py	146	-
_timestamp	function	official_close_sender.py	151	-
_operation_id	function	official_close_sender.py	160	-
_sanitize_response_body	function	official_close_sender.py	169	-
OperationStore	class	official_close_sender.py	204	-
__init__	method	official_close_sender.py	205	OperationStore
_path	method	official_close_sender.py	215	OperationStore
_locked	method	official_close_sender.py	219	OperationStore
_atomic_write	method	official_close_sender.py	241	OperationStore
_records_unlocked	method	official_close_sender.py	256	OperationStore
create_prepared	method	official_close_sender.py	272	OperationStore
transition	method	official_close_sender.py	335	OperationStore
read	method	official_close_sender.py	364	OperationStore
execute_single_official_close	function	official_close_sender.py	369	-
_load_payload	function	official_close_sender.py	465	-
_main	function	official_close_sender.py	469	-
TOAOfficialDryRunError	class	official_close_toa_dry_run.py	44	-
_text	function	official_close_toa_dry_run.py	55	-
_normalized	function	official_close_toa_dry_run.py	59	-
_unique	function	official_close_toa_dry_run.py	66	-
_validate_date	function	official_close_toa_dry_run.py	70	-
_validate_contract	function	official_close_toa_dry_run.py	83	-
_load_json	function	official_close_toa_dry_run.py	90	-
_capture_lot	function	official_close_toa_dry_run.py	102	-
_order_list	function	official_close_toa_dry_run.py	113	-
_service_capability	function	official_close_toa_dry_run.py	126	-
_toa_activity_is_complete	function	official_close_toa_dry_run.py	135	-
_imperium_status_state	function	official_close_toa_dry_run.py	146	-
_is_non_authoritative_toa_processing_marker	function	official_close_toa_dry_run.py	164	-
_provider_login	function	official_close_toa_dry_run.py	172	-
_provider_name	function	official_close_toa_dry_run.py	178	-
_order_login	function	official_close_toa_dry_run.py	182	-
_order_name	function	official_close_toa_dry_run.py	190	-
_decimal_quantity	function	official_close_toa_dry_run.py	194	-
_item_code	function	official_close_toa_dry_run.py	208	-
_inventory_view	function	official_close_toa_dry_run.py	216	-
_task_view	function	official_close_toa_dry_run.py	243	-
_prepare_inspection	function	official_close_toa_dry_run.py	257	-
inspect_toa_contract	function	official_close_toa_dry_run.py	568	-
_material_totals_from_inspection	function	official_close_toa_dry_run.py	584	-
_payload_material_totals	function	official_close_toa_dry_run.py	600	-
_validate_payload_conservation	function	official_close_toa_dry_run.py	612	-
build_authorized_toa_dry_run	function	official_close_toa_dry_run.py	652	-
_print_inspection	function	official_close_toa_dry_run.py	782	-
_main	function	official_close_toa_dry_run.py	825	-
CatalogError	class	official_material_catalog.py	35	-
CatalogSchemaError	class	official_material_catalog.py	39	-
CatalogValidationError	class	official_material_catalog.py	43	-
CatalogRecord	class	official_material_catalog.py	48	-
to_dict	method	official_material_catalog.py	54	CatalogRecord
normalize_description	function	official_material_catalog.py	63	-
normalize_identifier	function	official_material_catalog.py	82	-
_cell_identifier	function	official_material_catalog.py	113	-
_sha256_file	function	official_material_catalog.py	121	-
_now_iso	function	official_material_catalog.py	129	-
OfficialMaterialCatalog	class	official_material_catalog.py	133	-
__init__	method	official_material_catalog.py	134	OfficialMaterialCatalog
metadata	method	official_material_catalog.py	211	OfficialMaterialCatalog
lookup_code	method	official_material_catalog.py	225	OfficialMaterialCatalog
lookup_description	method	official_material_catalog.py	234	OfficialMaterialCatalog
resolve_evidence	method	official_material_catalog.py	255	OfficialMaterialCatalog
assert_payload_catalog_safe	method	official_material_catalog.py	373	OfficialMaterialCatalog
critical_errors_for_reviews	method	official_material_catalog.py	400	OfficialMaterialCatalog
to_index_dict	method	official_material_catalog.py	471	OfficialMaterialCatalog
load_xlsx_catalog	function	official_material_catalog.py	485	-
build_contract_2221170_report	function	official_material_catalog.py	616	-
render_report_text	function	official_material_catalog.py	708	-
_assert_outside_logs	function	official_material_catalog.py	760	-
_write_text_atomic	function	official_material_catalog.py	767	-
_write_json_atomic	function	official_material_catalog.py	774	-
generate_offline_artifacts	function	official_material_catalog.py	781	-
main	function	official_material_catalog.py	806	-
ResolvedItem	class	official_material_resolver.py	77	-
to_dict	method	official_material_resolver.py	89	ResolvedItem
MaterialResolutionPlan	class	official_material_resolver.py	94	-
to_dict	method	official_material_resolver.py	100	MaterialResolutionPlan
audit_equivalence_groups	function	official_material_resolver.py	109	-
resolve_materials_offline	function	official_material_resolver.py	142	-
StockAuditError	class	official_stock_audit.py	58	-
_now_iso	function	official_stock_audit.py	62	-
_decimal_text	function	official_stock_audit.py	66	-
_positive_integer	function	official_stock_audit.py	79	-
_copy_json	function	official_stock_audit.py	91	-
_catalog_description	function	official_stock_audit.py	95	-
_validate_capture	function	official_stock_audit.py	112	-
build_stock_audit_report	function	official_stock_audit.py	170	-
collect_read_capture	function	official_stock_audit.py	323	-
_write_json_atomic	function	official_stock_audit.py	361	-
render_stock_report_text	function	official_stock_audit.py	371	-
_capture_live	function	official_stock_audit.py	414	-
_report	function	official_stock_audit.py	438	-
main	function	official_stock_audit.py	468	-
BlockerReviewError	class	official_stock_blocker_review.py	38	-
_json_copy	function	official_stock_blocker_review.py	42	-
_read_json	function	official_stock_blocker_review.py	46	-
_sha256	function	official_stock_blocker_review.py	53	-
_optional_text	function	official_stock_blocker_review.py	61	-
_index_unique	function	official_stock_blocker_review.py	68	-
_normalize_stock_state	function	official_stock_blocker_review.py	92	-
_parse_blocker	function	official_stock_blocker_review.py	105	-
_find_contract_capture	function	official_stock_blocker_review.py	116	-
_candidate_rows	function	official_stock_blocker_review.py	132	-
_unit_assessment	function	official_stock_blocker_review.py	208	-
build_blocker_review	function	official_stock_blocker_review.py	262	-
render_text	function	official_stock_blocker_review.py	559	-
_write_json_atomic	function	official_stock_blocker_review.py	625	-
main	function	official_stock_blocker_review.py	635	-
StockRemediationPlanError	class	official_stock_remediation_plan.py	43	-
_json_copy	function	official_stock_remediation_plan.py	47	-
load_json_object	function	official_stock_remediation_plan.py	51	-
sha256_file	function	official_stock_remediation_plan.py	72	-
_decimal	function	official_stock_remediation_plan.py	86	-
_nonnegative_decimal	function	official_stock_remediation_plan.py	100	-
_decimal_text	function	official_stock_remediation_plan.py	118	-
_optional_text	function	official_stock_remediation_plan.py	125	-
_index_unique	function	official_stock_remediation_plan.py	132	-
_normalize_stock_state	function	official_stock_remediation_plan.py	157	-
_parse_blocker	function	official_stock_remediation_plan.py	169	-
_canonical_blocker	function	official_stock_remediation_plan.py	182	-
_blockers_by_code	function	official_stock_remediation_plan.py	186	-
_find_contract_capture	function	official_stock_remediation_plan.py	200	-
_assert_false_safety	function	official_stock_remediation_plan.py	216	-
_close_code_context	function	official_stock_remediation_plan.py	237	-
_catalog_entry	function	official_stock_remediation_plan.py	348	-
_validate_no_substitution	function	official_stock_remediation_plan.py	385	-
_unit_plan	function	official_stock_remediation_plan.py	403	-
_actions_for_state	function	official_stock_remediation_plan.py	437	-
build_stock_remediation_plan	function	official_stock_remediation_plan.py	465	-
render_text	function	official_stock_remediation_plan.py	866	-
_write_json_atomic	function	official_stock_remediation_plan.py	938	-
_write_text_atomic	function	official_stock_remediation_plan.py	948	-
main	function	official_stock_remediation_plan.py	955	-
OperationBlocked	class	operation_scope.py	62	-
__init__	method	operation_scope.py	63	OperationBlocked
_unique	function	operation_scope.py	69	-
_text	function	operation_scope.py	73	-
_normalized	function	operation_scope.py	77	-
normalize_city	function	operation_scope.py	85	-
normalize_status	function	operation_scope.py	92	-
_canonical_item	function	operation_scope.py	101	-
_canonical_collection	function	operation_scope.py	114	-
_state_hash	function	operation_scope.py	129	-
_same_path	function	operation_scope.py	139	-
_git_metadata	function	operation_scope.py	145	-
ProjectIdentity	class	operation_scope.py	168	-
load	method	operation_scope.py	175	ProjectIdentity
to_dict	method	operation_scope.py	202	ProjectIdentity
ImportScope	class	operation_scope.py	212	-
__post_init__	method	operation_scope.py	220	ImportScope
from_source	method	operation_scope.py	250	ImportScope
from_dict	method	operation_scope.py	276	ImportScope
batch_key	method	operation_scope.py	289	ImportScope
validate_target	method	operation_scope.py	297	ImportScope
validate_source	method	operation_scope.py	306	ImportScope
to_dict	method	operation_scope.py	315	ImportScope
OSIdentity	class	operation_scope.py	327	-
__post_init__	method	operation_scope.py	334	OSIdentity
from_mapping	method	operation_scope.py	352	OSIdentity
key	method	operation_scope.py	362	OSIdentity
to_dict	method	operation_scope.py	371	OSIdentity
OSSnapshot	class	operation_scope.py	382	-
create	method	operation_scope.py	394	OSSnapshot
from_mapping	method	operation_scope.py	439	OSSnapshot
to_dict	method	operation_scope.py	452	OSSnapshot
PlannedClose	class	operation_scope.py	467	-
PreflightResult	class	operation_scope.py	477	-
ReconciliationIssue	class	operation_scope.py	486	-
ExecutionAudit	class	operation_scope.py	493	-
MovementRecord	class	operation_scope.py	505	-
_identity_blockers	function	operation_scope.py	512	-
evaluate_preflight	function	operation_scope.py	530	-
validate_payload_scope	function	operation_scope.py	592	-
reconcile_execution	function	operation_scope.py	606	-
OperationCoordinator	class	operation_scope.py	653	-
__init__	method	operation_scope.py	656	OperationCoordinator
register_scope	method	operation_scope.py	672	OperationCoordinator
refresh_contract	method	operation_scope.py	679	OperationCoordinator
snapshot	method	operation_scope.py	723	OperationCoordinator
update_exact	method	operation_scope.py	730	OperationCoordinator
validate_exact_scope	method	operation_scope.py	742	OperationCoordinator
update_by_contract	method	operation_scope.py	758	OperationCoordinator
update_by_index	method	operation_scope.py	761	OperationCoordinator
plan_close	method	operation_scope.py	764	OperationCoordinator
preflight	method	operation_scope.py	792	OperationCoordinator
audit_execution	method	operation_scope.py	811	OperationCoordinator
guard_before_write	function	operation_scope.py	861	-
_main	function	operation_scope.py	870	-
_now	function	operational_store.py	30	-
_text	function	operational_store.py	34	-
_digits	function	operational_store.py	38	-
_number	function	operational_store.py	42	-
_json	function	operational_store.py	49	-
_unique_items	function	operational_store.py	53	-
OperationalStore	class	operational_store.py	65	-
__init__	method	operational_store.py	70	OperationalStore
_connect	method	operational_store.py	78	OperationalStore
_initialize	method	operational_store.py	86	OperationalStore
_merge_sql	method	operational_store.py	204	OperationalStore
_upsert_contract	method	operational_store.py	211	OperationalStore
ingest_monitor_snapshot	method	operational_store.py	240	OperationalStore
ingest_imperium_orders	method	operational_store.py	285	OperationalStore
_inventory_category	method	operational_store.py	342	OperationalStore
ingest_toa_capture	method	operational_store.py	354	OperationalStore
ingest_close_attempts	method	operational_store.py	473	OperationalStore
_rows	method	operational_store.py	524	OperationalStore
order_by_id_os	method	operational_store.py	527	OperationalStore
contract	method	operational_store.py	551	OperationalStore
list_contracts	method	operational_store.py	593	OperationalStore
export_document	method	operational_store.py	647	OperationalStore
export_json	method	operational_store.py	661	OperationalStore
_maybe_export_json	method	operational_store.py	671	OperationalStore
_text	function	operations_intelligence.py	35	-
_normalized	function	operations_intelligence.py	39	-
_parse_timestamp	function	operations_intelligence.py	47	-
_duration_seconds	function	operations_intelligence.py	57	-
_report_technician	function	operations_intelligence.py	71	-
build_intelligence_snapshot	function	operations_intelligence.py	91	-
HealthCheckService	class	operations_intelligence.py	223	-
__init__	method	operations_intelligence.py	224	HealthCheckService
_check	method	operations_intelligence.py	231	HealthCheckService
check	method	operations_intelligence.py	251	HealthCheckService
_latest_captures	function	operations_intelligence.py	280	-
audit_serial_assignments	function	operations_intelligence.py	302	-
render_daily_pdf	function	operations_intelligence.py	395	-
build_store	function	scripts/bootstrap_admin.py	15	-
main	function	scripts/bootstrap_admin.py	33	-
allowed	function	scripts/build_hostinger_frontend.py	24	-
sha256	function	scripts/build_hostinger_frontend.py	35	-
main	function	scripts/build_hostinger_frontend.py	43	-
_allowed_static	function	scripts/build_hostinger_node_release.py	36	-
_sha256	function	scripts/build_hostinger_node_release.py	49	-
build	function	scripts/build_hostinger_node_release.py	57	-
main	function	scripts/build_hostinger_node_release.py	138	-
release_source_allowed	function	scripts/build_web_release.py	52	-
include_release_source	function	scripts/build_web_release.py	61	-
runtime_python_files	function	scripts/build_web_release.py	65	-
include_config_file	function	scripts/build_web_release.py	91	-
collect_release_files	function	scripts/build_web_release.py	98	-
sha256	function	scripts/build_web_release.py	139	-
build	function	scripts/build_web_release.py	147	-
main	function	scripts/build_web_release.py	186	-
main	function	scripts/check_supabase_ready.py	15	-
configure	function	scripts/configure_imperium_credentials.py	17	-
main	function	scripts/configure_imperium_credentials.py	39	-
main	function	scripts/configure_supabase_hosted.py	12	-
git	function	scripts/generate_agent_context.py	51	-
versionable_files	function	scripts/generate_agent_context.py	56	-
should_index	function	scripts/generate_agent_context.py	73	-
read_text	function	scripts/generate_agent_context.py	90	-
digest	function	scripts/generate_agent_context.py	94	-
first_summary	function	scripts/generate_agent_context.py	98	-
line_number	function	scripts/generate_agent_context.py	129	-
python_details	function	scripts/generate_agent_context.py	131	-
javascript_details	function	scripts/generate_agent_context.py	157	-
category	function	scripts/generate_agent_context.py	170	-
analyze_file	function	scripts/generate_agent_context.py	192	-
source_fingerprint	function	scripts/generate_agent_context.py	220	-
build_model	function	scripts/generate_agent_context.py	225	-
compact_file_line	function	scripts/generate_agent_context.py	254	-
build_markdown	function	scripts/generate_agent_context.py	267	-
tsv_cell	function	scripts/generate_agent_context.py	329	-
write_indexes	function	scripts/generate_agent_context.py	333	-
write_outputs	function	scripts/generate_agent_context.py	372	-
check_outputs	function	scripts/generate_agent_context.py	389	-
main	function	scripts/generate_agent_context.py	402	-
install	function	scripts/install_agent_context_hooks.py	36	-
main	function	scripts/install_agent_context_hooks.py	54	-
run	function	scripts/quality_gate.py	26	-
ruff_command	function	scripts/quality_gate.py	33	-
audit_repository	function	scripts/quality_gate.py	55	-
audit_release	function	scripts/quality_gate.py	85	-
main	function	scripts/quality_gate.py	130	-
normalize	function	scripts/query_agent_context.py	18	-
tokens	function	scripts/query_agent_context.py	24	-
Hit	class	scripts/query_agent_context.py	30	-
render	method	scripts/query_agent_context.py	38	Hit
read_tsv	function	scripts/query_agent_context.py	44	-
score	function	scripts/query_agent_context.py	54	-
symbol_hits	function	scripts/query_agent_context.py	78	-
file_hits	function	scripts/query_agent_context.py	99	-
api_hits	function	scripts/query_agent_context.py	115	-
dependency_hits	function	scripts/query_agent_context.py	127	-
dedupe	function	scripts/query_agent_context.py	139	-
main	function	scripts/query_agent_context.py	150	-
SerializedTransferUncertainError	class	serialized_transfer.py	27	-
SerializedTransferProtocol	class	serialized_transfer.py	31	-
__init__	method	serialized_transfer.py	53	SerializedTransferProtocol
_encode	method	serialized_transfer.py	184	SerializedTransferProtocol
_timestamp_parts	method	serialized_transfer.py	207	SerializedTransferProtocol
_update_packet_lengths	method	serialized_transfer.py	219	SerializedTransferProtocol
build_apply	method	serialized_transfer.py	239	SerializedTransferProtocol
main	function	show_toa_cloud_collector_setup.py	20	-
Uu	function	static/lucide.min.js	8	-
stagger	function	static/motion-ui.js	17	-
animationFrames	function	static/motion-ui.js	21	-
at	function	static/motion-ui.js	26	-
animate	function	static/motion-ui.js	40	-
enabled	function	static/motion-ui.js	61	-
visibleWorkspace	function	static/motion-ui.js	65	-
enterWorkspace	function	static/motion-ui.js	71	-
revealCards	function	static/motion-ui.js	82	-
toggleDetails	function	static/motion-ui.js	100	-
animateStatus	function	static/motion-ui.js	130	-
initDominiumMonitor	function	static/operations-monitor.js	17	-
buildApi	function	static/operations-monitor.js	21	-
text	function	static/operations-monitor.js	39	-
normalized	function	static/operations-monitor.js	43	-
first	function	static/operations-monitor.js	47	-
bucketFromSource	function	static/operations-monitor.js	54	-
parseDate	function	static/operations-monitor.js	62	-
parseWindow	function	static/operations-monitor.js	86	-
statusKind	function	static/operations-monitor.js	95	-
routeState	function	static/operations-monitor.js	104	-
clockMinutes	function	static/operations-monitor.js	114	-
routeStateLabel	function	static/operations-monitor.js	120	-
normalizeOrder	function	static/operations-monitor.js	131	-
assignmentScore	function	static/operations-monitor.js	197	-
selectEffectiveOrders	function	static/operations-monitor.js	211	-
tec1State	function	static/operations-monitor.js	223	-
buildTec1ContractAlerts	function	static/operations-monitor.js	234	-
speechPronunciationText	function	static/operations-monitor.js	280	-
spokenDigits	function	static/operations-monitor.js	291	-
spokenClock	function	static/operations-monitor.js	296	-
buildTec1VoiceMessage	function	static/operations-monitor.js	304	-
orderRow	function	static/operations-monitor.js	316	-
routeAlert	function	static/operations-monitor.js	354	-
buildRouteConsole	function	static/operations-monitor.js	384	-
localDate	function	static/operations-monitor.js	510	-
clockAt	function	static/operations-monitor.js	518	-
buildMeetingExamples	function	static/operations-monitor.js	523	-
example	function	static/operations-monitor.js	531	-
groupRows	function	static/operations-monitor.js	551	-
view	function	static/operations-monitor.js	569	-
buildMonitorModel	function	static/operations-monitor.js	573	-
serviceMatches	function	static/operations-monitor.js	601	-
count	function	static/operations-monitor.js	685	-
buildTvDashboard	function	static/operations-monitor.js	712	-
StockTechnician	class	stock_inventory.py	29	-
to_dict	method	stock_inventory.py	35	StockTechnician
StockSerial	class	stock_inventory.py	40	-
to_dict	method	stock_inventory.py	48	StockSerial
StockItem	class	stock_inventory.py	53	-
quantity_number	method	stock_inventory.py	69	StockItem
to_dict	method	stock_inventory.py	75	StockItem
StockProtocol	class	stock_inventory.py	81	-
__init__	method	stock_inventory.py	82	StockProtocol
_simple_template	method	stock_inventory.py	103	StockProtocol
_stock_template	method	stock_inventory.py	116	StockProtocol
_with_stock	method	stock_inventory.py	133	StockProtocol
items_query	method	stock_inventory.py	140	StockProtocol
serials_query	method	stock_inventory.py	143	StockProtocol
_read_short_text	function	stock_inventory.py	147	-
_valid_name	function	stock_inventory.py	160	-
parse_technicians	function	stock_inventory.py	166	-
_quantity_from_label	function	stock_inventory.py	223	-
parse_stock_items	function	stock_inventory.py	235	-
parse_stock_serials	function	stock_inventory.py	304	-
attach_serials	function	stock_inventory.py	344	-
_pdf_text	function	stock_pdf.py	39	-
_text_width	function	stock_pdf.py	50	-
_wrap	function	stock_pdf.py	71	-
_Canvas	class	stock_pdf.py	103	-
__init__	method	stock_pdf.py	104	_Canvas
text	method	stock_pdf.py	107	_Canvas
line	method	stock_pdf.py	123	_Canvas
rect	method	stock_pdf.py	128	_Canvas
bytes	method	stock_pdf.py	147	_Canvas
_PDF	class	stock_pdf.py	151	-
__init__	method	stock_pdf.py	152	_PDF
add_page	method	stock_pdf.py	155	_PDF
build	method	stock_pdf.py	158	_PDF
_Column	class	stock_pdf.py	215	-
StockPDFReport	class	stock_pdf.py	222	-
__init__	method	stock_pdf.py	223	StockPDFReport
table_width	method	stock_pdf.py	253	StockPDFReport
_new_page	method	stock_pdf.py	256	StockPDFReport
_table_header	method	stock_pdf.py	304	StockPDFReport
_footer	method	stock_pdf.py	314	StockPDFReport
_quantity_positive	method	stock_pdf.py	321	StockPDFReport
_item_values	method	stock_pdf.py	327	StockPDFReport
_draw_row_chunk	method	stock_pdf.py	344	StockPDFReport
_draw_item	method	stock_pdf.py	389	StockPDFReport
add_stock	method	stock_pdf.py	424	StockPDFReport
build	method	stock_pdf.py	439	StockPDFReport
build_stock_pdf	function	stock_pdf.py	453	-
safe_pdf_filename	function	stock_pdf.py	471	-
_utc_now	function	supabase_auth_store.py	24	-
_iso	function	supabase_auth_store.py	28	-
_parse_time	function	supabase_auth_store.py	32	-
_data	function	supabase_auth_store.py	44	-
_auth_user_id	function	supabase_auth_store.py	52	-
SupabaseAuthStore	class	supabase_auth_store.py	61	-
__init__	method	supabase_auth_store.py	73	SupabaseAuthStore
from_environment	method	supabase_auth_store.py	105	SupabaseAuthStore
_email	method	supabase_auth_store.py	116	SupabaseAuthStore
_fresh_auth_client	method	supabase_auth_store.py	119	SupabaseAuthStore
_profile_row	method	supabase_auth_store.py	126	SupabaseAuthStore
_profile_by_username	method	supabase_auth_store.py	139	SupabaseAuthStore
_identities_for_user	method	supabase_auth_store.py	150	SupabaseAuthStore
_public_user	method	supabase_auth_store.py	168	SupabaseAuthStore
has_users	method	supabase_auth_store.py	190	SupabaseAuthStore
register	method	supabase_auth_store.py	194	SupabaseAuthStore
get_user	method	supabase_auth_store.py	273	SupabaseAuthStore
_record_failed_login	method	supabase_auth_store.py	276	SupabaseAuthStore
authenticate	method	supabase_auth_store.py	288	SupabaseAuthStore
create_session	method	supabase_auth_store.py	331	SupabaseAuthStore
session	method	supabase_auth_store.py	364	SupabaseAuthStore
validate_csrf	method	supabase_auth_store.py	433	SupabaseAuthStore
revoke_session	method	supabase_auth_store.py	437	SupabaseAuthStore
list_users	method	supabase_auth_store.py	445	SupabaseAuthStore
approve	method	supabase_auth_store.py	455	SupabaseAuthStore
reject	method	supabase_auth_store.py	480	SupabaseAuthStore
set_imperium_identity	method	supabase_auth_store.py	510	SupabaseAuthStore
audit	method	supabase_auth_store.py	548	SupabaseAuthStore
normalize	function	technician_directory.py	25	-
TechnicianDirectory	class	technician_directory.py	37	-
__init__	method	technician_directory.py	38	TechnicianDirectory
_reload_if_needed	method	technician_directory.py	47	TechnicianDirectory
resolve	method	technician_directory.py	125	TechnicianDirectory
enrich_preview	method	technician_directory.py	132	TechnicianDirectory
public_dict	method	technician_directory.py	147	TechnicianDirectory
APISecurityTests	class	tests/test_api_security.py	18	-
test_inventory_covers_every_integration_without_secrets	method	tests/test_api_security.py	19	APISecurityTests
test_loopback_same_origin_json_is_allowed	method	tests/test_api_security.py	28	APISecurityTests
test_configured_public_https_origin_is_allowed	method	tests/test_api_security.py	40	APISecurityTests
test_dns_rebinding_and_cross_site_posts_are_blocked	method	tests/test_api_security.py	58	APISecurityTests
test_simple_post_content_type_is_blocked	method	tests/test_api_security.py	81	APISecurityTests
test_security_headers_cover_browser_boundaries	method	tests/test_api_security.py	88	APISecurityTests
test_main_page_has_no_inline_script_blocked_by_csp	method	tests/test_api_security.py	94	APISecurityTests
test_auth_rate_limits_are_stricter	method	tests/test_api_security.py	106	APISecurityTests
test_rate_limiter_is_bounded	method	tests/test_api_security.py	110	APISecurityTests
test_sensitive_query_values_are_redacted_from_logs	method	tests/test_api_security.py	117	APISecurityTests
test_unexpected_exception_details_are_not_returned_to_browser	method	tests/test_api_security.py	123	APISecurityTests
test_operational_identifiers_are_not_persisted_in_local_storage	method	tests/test_api_security.py	130	APISecurityTests
test_https_logout_hardening_is_present	method	tests/test_api_security.py	139	APISecurityTests
AutoImproductiveReportTests	class	tests/test_app.py	35	-
test_auto_improductive_success_is_visible_in_close_report	method	tests/test_app.py	36	AutoImproductiveReportTests
AppPersistenceTests	class	tests/test_app.py	89	-
test_invalid_close_confirmation_record_does_not_leak_running_state	method	tests/test_app.py	90	AppPersistenceTests
test_technician_name_accepts_imperium_abbreviation_and_toa_typo	method	tests/test_app.py	108	AppPersistenceTests
test_technician_name_prefers_the_most_specific_abbreviated_match	method	tests/test_app.py	116	AppPersistenceTests
test_technician_name_resolves_operational_suffix_desc	method	tests/test_app.py	138	AppPersistenceTests
test_technician_name_resolves_tokens_and_surnames	method	tests/test_app.py	166	AppPersistenceTests
test_official_technician_preserves_login_captured_for_current_installer	method	tests/test_app.py	194	AppPersistenceTests
test_official_technician_falls_back_when_captured_login_belongs_to_another_person	method	tests/test_app.py	235	AppPersistenceTests
test_official_technician_uses_server_side_live_toa_evidence	method	tests/test_app.py	277	AppPersistenceTests
test_installer_change_preview_is_scoped_to_one_contract	method	tests/test_app.py	321	AppPersistenceTests
test_toa_material_assignment_survives_a_new_read	method	tests/test_app.py	363	AppPersistenceTests
test_import_audit_keeps_every_confirmed_order	method	tests/test_app.py	376	AppPersistenceTests
test_import_audit_keeps_attempted_orders_after_an_error	method	tests/test_app.py	424	AppPersistenceTests
test_bulk_creation_can_be_confirmed_by_the_orders_query	method	tests/test_app.py	453	AppPersistenceTests
AppSanitizeResponseTests	class	tests/test_app.py	485	-
setUp	method	tests/test_app.py	488	AppSanitizeResponseTests
test_none_returns_empty_string	method	tests/test_app.py	492	AppSanitizeResponseTests
test_dict_is_json_serialised	method	tests/test_app.py	495	AppSanitizeResponseTests
test_plain_string_is_returned_as_is	method	tests/test_app.py	500	AppSanitizeResponseTests
test_control_characters_are_stripped	method	tests/test_app.py	503	AppSanitizeResponseTests
test_response_truncated_to_2000_chars	method	tests/test_app.py	510	AppSanitizeResponseTests
test_build_official_panel_plan_uses_visible_code_and_current_date	method	tests/test_app.py	516	AppSanitizeResponseTests
test_official_preflight_accepts_serial_in_current_installer_stock	method	tests/test_app.py	572	AppSanitizeResponseTests
test_official_preflight_blocks_serial_in_another_installer_stock	method	tests/test_app.py	604	AppSanitizeResponseTests
test_official_preflight_blocks_serial_not_found	method	tests/test_app.py	637	AppSanitizeResponseTests
test_official_material_preparation_uses_only_payload_materials	method	tests/test_app.py	664	AppSanitizeResponseTests
test_official_panel_sends_once_and_keeps_order_pending	method	tests/test_app.py	702	AppSanitizeResponseTests
test_official_panel_never_posts_when_stock_preparation_is_uncertain	method	tests/test_app.py	865	AppSanitizeResponseTests
test_official_panel_does_not_send_when_serial_preflight_blocks	method	tests/test_app.py	961	AppSanitizeResponseTests
OfficialImperiumReadApiTests	class	tests/test_app.py	1058	-
_handler	method	tests/test_app.py	1060	OfficialImperiumReadApiTests
test_official_session_exposes_jader_identity_without_token	method	tests/test_app.py	1071	OfficialImperiumReadApiTests
test_official_stock_items_use_confirmed_read_endpoint	method	tests/test_app.py	1092	OfficialImperiumReadApiTests
test_official_read_api_rejects_viewer	method	tests/test_app.py	1109	OfficialImperiumReadApiTests
test_material_inventory_without_optional_technician_query	method	tests/test_app.py	1120	OfficialImperiumReadApiTests
AuthStoreTests	class	tests/test_auth_store.py	8	-
setUp	method	tests/test_auth_store.py	9	AuthStoreTests
tearDown	method	tests/test_auth_store.py	13	AuthStoreTests
test_first_local_account_bootstraps_admin_and_next_is_pending	method	tests/test_auth_store.py	16	AuthStoreTests
test_session_stores_only_token_hash_and_validates_csrf	method	tests/test_auth_store.py	34	AuthStoreTests
test_pending_account_cannot_authenticate_until_approved	method	tests/test_auth_store.py	61	AuthStoreTests
test_password_accepts_six_to_128_characters	method	tests/test_auth_store.py	85	AuthStoreTests
AutoImproductiveCloserTests	class	tests/test_auto_improductive_close.py	15	-
test_due_uses_review_slot_and_ignores_sem_janela	method	tests/test_auto_improductive_close.py	16	AutoImproductiveCloserTests
test_complete_statuses	method	tests/test_auto_improductive_close.py	22	AutoImproductiveCloserTests
test_enabled_and_blocked_state_survive_reload	method	tests/test_auto_improductive_close.py	27	AutoImproductiveCloserTests
test_prune_blocked_for_date_removes_previous_day_only	method	tests/test_auto_improductive_close.py	50	AutoImproductiveCloserTests
test_state_persistence_retries_transient_windows_permission_error	method	tests/test_auto_improductive_close.py	75	AutoImproductiveCloserTests
test_state_persistence_falls_back_to_direct_write_when_replace_stays_denied	method	tests/test_auto_improductive_close.py	103	AutoImproductiveCloserTests
test_public_state_exposes_live_progress	method	tests/test_auto_improductive_close.py	125	AutoImproductiveCloserTests
test_history_totals_separate_new_and_already_closed	method	tests/test_auto_improductive_close.py	162	AutoImproductiveCloserTests
test_run_once_persists_history	method	tests/test_auto_improductive_close.py	197	AutoImproductiveCloserTests
HostingerNodeReleaseTests	class	tests/test_build_hostinger_node_release.py	9	-
test_release_contains_runtime_and_current_frontend	method	tests/test_build_hostinger_node_release.py	10	HostingerNodeReleaseTests
test_release_does_not_contain_backup_or_secret_files	method	tests/test_build_hostinger_node_release.py	29	HostingerNodeReleaseTests
WebReleaseBuildTests	class	tests/test_build_web_release.py	7	-
test_local_runtime_directories_are_excluded	method	tests/test_build_web_release.py	8	WebReleaseBuildTests
test_backups_and_temporary_files_are_excluded	method	tests/test_build_web_release.py	18	WebReleaseBuildTests
test_production_assets_remain_allowed	method	tests/test_build_web_release.py	23	WebReleaseBuildTests
BulkOrdersTests	class	tests/test_bulk_orders.py	7	-
test_normalizes_separators_and_removes_duplicates	method	tests/test_bulk_orders.py	8	BulkOrdersTests
test_rejects_invalid_contract	method	tests/test_bulk_orders.py	14	BulkOrdersTests
test_builds_the_manual_order_pattern_for_natal	method	tests/test_bulk_orders.py	18	BulkOrdersTests
test_uses_the_profile_location	method	tests/test_bulk_orders.py	37	BulkOrdersTests
test_accepts_a_manual_service_name	method	tests/test_bulk_orders.py	49	BulkOrdersTests
CityScopeIntegrationTests	class	tests/test_city_scope_integration.py	22	-
csv	method	tests/test_city_scope_integration.py	24	CityScopeIntegrationTests
test_monitor_routes_official_toa_origins_to_their_profiles	method	tests/test_city_scope_integration.py	40	CityScopeIntegrationTests
test_monitor_batch_consolidates_natal_and_parnamirim	method	tests/test_city_scope_integration.py	55	CityScopeIntegrationTests
test_monitor_batch_deduplicates_the_same_assignment	method	tests/test_city_scope_integration.py	84	CityScopeIntegrationTests
test_import_preview_keeps_origin_city_profile_hash_and_activity	method	tests/test_city_scope_integration.py	99	CityScopeIntegrationTests
test_import_preview_refuses_target_selected_in_another_profile	method	tests/test_city_scope_integration.py	112	CityScopeIntegrationTests
test_import_preview_excludes_only_foreign_city_rows	method	tests/test_city_scope_integration.py	123	CityScopeIntegrationTests
test_import_preview_blocks_file_with_only_foreign_cities	method	tests/test_city_scope_integration.py	148	CityScopeIntegrationTests
test_import_preview_accepts_official_csv_without_activity_id	method	tests/test_city_scope_integration.py	156	CityScopeIntegrationTests
test_live_match_never_falls_back_to_contract_only	method	tests/test_city_scope_integration.py	176	CityScopeIntegrationTests
test_live_match_derives_scope_from_exact_activity_not_first_contract	method	tests/test_city_scope_integration.py	220	CityScopeIntegrationTests
test_close_validation_uses_server_registered_batch_scope	method	tests/test_city_scope_integration.py	284	CityScopeIntegrationTests
test_manual_close_uses_exact_current_imperium_cache_row	method	tests/test_city_scope_integration.py	349	CityScopeIntegrationTests
test_manual_close_rejects_stale_cache_generation	method	tests/test_city_scope_integration.py	376	CityScopeIntegrationTests
test_manual_close_rejects_cross_profile_city_and_os_forgery	method	tests/test_city_scope_integration.py	396	CityScopeIntegrationTests
test_rows_without_toa_context_receive_manual_cache_snapshot	method	tests/test_city_scope_integration.py	426	CityScopeIntegrationTests
test_changed_context_file_is_rejected_before_close	method	tests/test_city_scope_integration.py	461	CityScopeIntegrationTests
CloseReportStoreTests	class	tests/test_close_report.py	9	-
setUp	method	tests/test_close_report.py	10	CloseReportStoreTests
test_active_official_request_blocks_duplicate	method	tests/test_close_report.py	29	CloseReportStoreTests
test_public_report_removes_internal_values	method	tests/test_close_report.py	52	CloseReportStoreTests
test_uncertain_is_counted_and_not_safe_to_retry	method	tests/test_close_report.py	74	CloseReportStoreTests
test_observed_close_keeps_attribution_unverified	method	tests/test_close_report.py	92	CloseReportStoreTests
test_authorize_retry_rejects_pending_state	method	tests/test_close_report.py	110	CloseReportStoreTests
test_authorize_retry_rejects_fewer_than_seven_checks	method	tests/test_close_report.py	121	CloseReportStoreTests
test_authorize_retry_rejects_wrong_id_os	method	tests/test_close_report.py	132	CloseReportStoreTests
test_authorize_retry_releases_uncertain_with_seven_checks	method	tests/test_close_report.py	143	CloseReportStoreTests
test_authorize_retry_rejects_changed_close_code	method	tests/test_close_report.py	159	CloseReportStoreTests
test_authorize_retry_allows_official_to_datasnap_fallback	method	tests/test_close_report.py	176	CloseReportStoreTests
test_authorize_retry_allows_datasnap_to_official_change	method	tests/test_close_report.py	196	CloseReportStoreTests
test_update_stores_official_http_response	method	tests/test_close_report.py	219	CloseReportStoreTests
test_begin_stores_scheduled_date_and_retry_fields	method	tests/test_close_report.py	237	CloseReportStoreTests
CloseReportExcelTests	class	tests/test_close_report_excel.py	15	-
test_format_materials_readable_with_list	method	tests/test_close_report_excel.py	16	CloseReportExcelTests
test_format_materials_readable_empty	method	tests/test_close_report_excel.py	25	CloseReportExcelTests
test_format_equipment_readable_with_list	method	tests/test_close_report_excel.py	29	CloseReportExcelTests
test_build_close_report_xlsx_structure	method	tests/test_close_report_excel.py	37	CloseReportExcelTests
ConfigureImperiumCredentialsTests	class	tests/test_configure_imperium_credentials.py	11	-
test_default_writes_both_channels	method	tests/test_configure_imperium_credentials.py	13	ConfigureImperiumCredentialsTests
test_can_write_only_datasnap	method	tests/test_configure_imperium_credentials.py	21	ConfigureImperiumCredentialsTests
test_rejects_empty_credentials	method	tests/test_configure_imperium_credentials.py	27	ConfigureImperiumCredentialsTests
record	function	tests/test_disconnect_automation.py	10	-
DisconnectAutomationTests	class	tests/test_disconnect_automation.py	27	-
setUp	method	tests/test_disconnect_automation.py	28	DisconnectAutomationTests
tearDown	method	tests/test_disconnect_automation.py	33	DisconnectAutomationTests
moment	method	tests/test_disconnect_automation.py	37	DisconnectAutomationTests
prepare	method	tests/test_disconnect_automation.py	40	DisconnectAutomationTests
test_normalizes_supported_windows	method	tests/test_disconnect_automation.py	49	DisconnectAutomationTests
test_accepts_any_adm_source_name	method	tests/test_disconnect_automation.py	54	DisconnectAutomationTests
test_mixed_adm_and_vt_sources_are_excluded	method	tests/test_disconnect_automation.py	74	DisconnectAutomationTests
test_prepare_reopens_only_transient_legacy_manual_reviews	method	tests/test_disconnect_automation.py	83	DisconnectAutomationTests
test_0811_is_claimed_before_0812_and_0822	method	tests/test_disconnect_automation.py	110	DisconnectAutomationTests
test_0812_waits_until_all_0811_are_terminal	method	tests/test_disconnect_automation.py	120	DisconnectAutomationTests
test_0812_can_start_after_0811_is_awaiting_confirmation	method	tests/test_disconnect_automation.py	141	DisconnectAutomationTests
test_0822_is_filler_while_tighter_window_waits	method	tests/test_disconnect_automation.py	161	DisconnectAutomationTests
test_1114_never_starts_before_11	method	tests/test_disconnect_automation.py	176	DisconnectAutomationTests
test_pauses_and_preserves_progress_after_restart	method	tests/test_disconnect_automation.py	182	DisconnectAutomationTests
test_completed_and_awaiting_items_are_never_reclaimed	method	tests/test_disconnect_automation.py	191	DisconnectAutomationTests
test_submitting_can_record_one_final_result_with_same_lease	method	tests/test_disconnect_automation.py	215	DisconnectAutomationTests
test_submitting_can_persist_progress_for_multiple_orders	method	tests/test_disconnect_automation.py	236	DisconnectAutomationTests
test_window_accepts_en_dash	method	tests/test_disconnect_automation.py	261	DisconnectAutomationTests
test_state_is_valid_json_after_each_atomic_write	method	tests/test_disconnect_automation.py	264	DisconnectAutomationTests
test_wrong_profile_or_target_is_rejected	method	tests/test_disconnect_automation.py	269	DisconnectAutomationTests
extractFunction	function	tests/test_disconnect_frontend.js	10	-
normalize	function	tests/test_disconnect_frontend.js	24	-
extractObjectConstant	function	tests/test_disconnect_frontend.js	32	-
disconnectManualError	function	tests/test_disconnect_frontend.js	46	-
EdgeVoiceServiceTest	class	tests/test_edge_voice.py	6	-
test_synthesizes_and_caches_audio	method	tests/test_edge_voice.py	7	EdgeVoiceServiceTest
test_rejects_invalid_input	method	tests/test_edge_voice.py	22	EdgeVoiceServiceTest
test_rejects_empty_renderer_result	method	tests/test_edge_voice.py	29	EdgeVoiceServiceTest
build_synthetic_dsploc_record	function	tests/test_equipment_group_matching.py	10	-
EquipmentGroupMatchingTests	class	tests/test_equipment_group_matching.py	61	-
setUp	method	tests/test_equipment_group_matching.py	62	EquipmentGroupMatchingTests
test_dsploc_query_builder_structure	method	tests/test_equipment_group_matching.py	68	EquipmentGroupMatchingTests
test_parse_real_captured_dsploc_payload	method	tests/test_equipment_group_matching.py	83	EquipmentGroupMatchingTests
test_parse_dsploc_accepts_status_before_final_flag	method	tests/test_equipment_group_matching.py	115	EquipmentGroupMatchingTests
test_parse_dsploc_inactive_status_rejected	method	tests/test_equipment_group_matching.py	134	EquipmentGroupMatchingTests
test_parse_dsploc_serialized_item_rejected	method	tests/test_equipment_group_matching.py	139	EquipmentGroupMatchingTests
test_parse_dsploc_nonexistent_code	method	tests/test_equipment_group_matching.py	144	EquipmentGroupMatchingTests
test_lookup_equipment_group_by_code_caching	method	tests/test_equipment_group_matching.py	149	EquipmentGroupMatchingTests
_mock_order_context	method	tests/test_equipment_group_matching.py	168	EquipmentGroupMatchingTests
test_official_materials_exact_code_with_sufficient_balance	method	tests/test_equipment_group_matching.py	181	EquipmentGroupMatchingTests
test_official_materials_substitutes_equivalent_when_exact_lacks_balance	method	tests/test_equipment_group_matching.py	226	EquipmentGroupMatchingTests
test_official_materials_uses_atlas_when_requested_code_missing_from_catalog	method	tests/test_equipment_group_matching.py	305	EquipmentGroupMatchingTests
test_official_materials_multi_item_split_across_exact_and_equivalents	method	tests/test_equipment_group_matching.py	343	EquipmentGroupMatchingTests
test_official_materials_uses_sibling_code_from_retorno_for_mini_isolador	method	tests/test_equipment_group_matching.py	436	EquipmentGroupMatchingTests
test_official_materials_uses_approved_group_when_dsploc_has_no_group	method	tests/test_equipment_group_matching.py	489	EquipmentGroupMatchingTests
test_official_materials_ignores_textually_similar_item_not_in_atlas	method	tests/test_equipment_group_matching.py	544	EquipmentGroupMatchingTests
test_official_materials_insufficient_group_balance_falls_back_to_shortfall	method	tests/test_equipment_group_matching.py	633	EquipmentGroupMatchingTests
test_official_materials_requested_not_in_technician_stock_substitutes_equivalent	method	tests/test_equipment_group_matching.py	725	EquipmentGroupMatchingTests
test_official_materials_tolerates_one_missing_misc_even_with_large_quantity	method	tests/test_equipment_group_matching.py	788	EquipmentGroupMatchingTests
test_official_materials_tolerates_four_distinct_missing_misc	method	tests/test_equipment_group_matching.py	821	EquipmentGroupMatchingTests
test_official_materials_blocks_when_five_distinct_misc_are_missing	method	tests/test_equipment_group_matching.py	861	EquipmentGroupMatchingTests
test_official_materials_unknown_code_blocks_when_dsploc_has_no_match	method	tests/test_equipment_group_matching.py	897	EquipmentGroupMatchingTests
_block	function	tests/test_flow_reader.py	9	-
_tcp_frame	function	tests/test_flow_reader.py	20	-
_epb	function	tests/test_flow_reader.py	66	-
_capture	function	tests/test_flow_reader.py	78	-
FlowReaderTests	class	tests/test_flow_reader.py	160	-
test_reconstructs_datasnap_write_and_evidence	method	tests/test_flow_reader.py	161	FlowReaderTests
test_reads_zip_and_information_file_without_extracting	method	tests/test_flow_reader.py	177	FlowReaderTests
test_rejects_non_capture_input	method	tests/test_flow_reader.py	189	FlowReaderTests
ApplyPacketTests	class	tests/test_imperium_api.py	27	-
setUp	method	tests/test_imperium_api.py	28	ApplyPacketTests
test_installer_context_keeps_open_order_layout	method	tests/test_imperium_api.py	31	ApplyPacketTests
test_installer_context_skips_close_code_on_completed_order	method	tests/test_imperium_api.py	41	ApplyPacketTests
test_detail_close_code_ignores_digits_inside_os_number	method	tests/test_imperium_api.py	57	ApplyPacketTests
test_detail_close_code_reads_real_close_field	method	tests/test_imperium_api.py	75	ApplyPacketTests
test_field_status_wins_over_prefilled_close_code	method	tests/test_imperium_api.py	93	ApplyPacketTests
test_confirmation_requires_leaving_field_and_matching_exact_code	method	tests/test_imperium_api.py	109	ApplyPacketTests
test_named_virtual_stock_id_finds_retorno_without_installer	method	tests/test_imperium_api.py	137	ApplyPacketTests
test_named_virtual_stock_id_blocks_when_retorno_is_missing	method	tests/test_imperium_api.py	150	ApplyPacketTests
test_named_virtual_stock_id_blocks_ambiguous_retorno	method	tests/test_imperium_api.py	157	ApplyPacketTests
test_toa_correlated_material_receives_retorno_balance	method	tests/test_imperium_api.py	168	ApplyPacketTests
test_dynamic_header_and_detail_mask_for_all_close_packets	method	tests/test_imperium_api.py	186	ApplyPacketTests
test_close_packet_accepts_detail_without_optional_empty_dataset	method	tests/test_imperium_api.py	225	ApplyPacketTests
test_company_connection_profile	method	tests/test_imperium_api.py	236	ApplyPacketTests
test_main_query_uses_official_all_services_filter	method	tests/test_imperium_api.py	253	ApplyPacketTests
test_main_query_combines_status_and_service_type_filters	method	tests/test_imperium_api.py	265	ApplyPacketTests
test_main_query_rejects_unknown_filter	method	tests/test_imperium_api.py	277	ApplyPacketTests
test_main_dataset_accepts_more_than_sixteen_fragments	method	tests/test_imperium_api.py	284	ApplyPacketTests
test_single_import_chunk_uses_the_final_processing_timeout	method	tests/test_imperium_api.py	310	ApplyPacketTests
test_cancel_code_matches_official_fortaleza_suffix	method	tests/test_imperium_api.py	325	ApplyPacketTests
test_unknown_close_code_is_rejected	method	tests/test_imperium_api.py	339	ApplyPacketTests
test_close_codes_301_and_125_supported	method	tests/test_imperium_api.py	343	ApplyPacketTests
test_suffix_with_observation_preserves_suffix_when_marker_absent	method	tests/test_imperium_api.py	355	ApplyPacketTests
test_close_code_lookup_query_uses_service_and_wire_code	method	tests/test_imperium_api.py	361	ApplyPacketTests
test_parses_service_specific_close_code_id	method	tests/test_imperium_api.py	373	ApplyPacketTests
test_replaces_captured_close_code_id_in_suffix	method	tests/test_imperium_api.py	388	ApplyPacketTests
test_extracts_sql_server_message_from_apply_error	method	tests/test_imperium_api.py	400	ApplyPacketTests
test_productive_codes_are_not_available_without_equipment	method	tests/test_imperium_api.py	413	ApplyPacketTests
test_captured_nonproductive_codes_do_not_require_equipment	method	tests/test_imperium_api.py	418	ApplyPacketTests
test_status_exposes_manual_close_codes_to_the_workspace	method	tests/test_imperium_api.py	432	ApplyPacketTests
test_partial_import_confirmation_only_retries_missing_orders	method	tests/test_imperium_api.py	447	ApplyPacketTests
test_confirm_import_after_timeout_returns_none_when_no_orders_found	method	tests/test_imperium_api.py	475	ApplyPacketTests
test_chip_close_code_uses_the_profile_specific_id	method	tests/test_imperium_api.py	491	ApplyPacketTests
test_installed_lookup_query_replaces_only_runtime_fields	method	tests/test_imperium_api.py	503	ApplyPacketTests
test_installed_lookup_accepts_the_captured_partial_chip_serial	method	tests/test_imperium_api.py	519	ApplyPacketTests
test_installed_lookup_accepts_a_nine_digit_recife_contract	method	tests/test_imperium_api.py	545	ApplyPacketTests
test_serial_owner_lookup_finds_the_technician_and_equipment	method	tests/test_imperium_api.py	582	ApplyPacketTests
test_installed_parser_expands_a_partial_chip_serial	method	tests/test_imperium_api.py	659	ApplyPacketTests
test_terminal_docsis_and_gpon_are_accepted_as_emta	method	tests/test_imperium_api.py	682	ApplyPacketTests
test_equipment_delta_parts_keep_serial_and_model	method	tests/test_imperium_api.py	691	ApplyPacketTests
test_material_row_matches_the_official_natal_capture	method	tests/test_imperium_api.py	722	ApplyPacketTests
test_material_stock_templates_rebuild_the_captured_requests	method	tests/test_imperium_api.py	752	ApplyPacketTests
test_material_catalog_parser_keeps_stock_fields	method	tests/test_imperium_api.py	811	ApplyPacketTests
test_stock_inventory_catalog_keeps_six_digit_material_code	method	tests/test_imperium_api.py	834	ApplyPacketTests
test_toa_material_lookup_terms_strip_code_and_normalize_punctuation	method	tests/test_imperium_api.py	871	ApplyPacketTests
test_manual_material_catalog_overrides_incomplete_order_catalog	method	tests/test_imperium_api.py	884	ApplyPacketTests
test_combined_catalog_uses_complete_stock_when_order_catalog_is_invalid	method	tests/test_imperium_api.py	908	ApplyPacketTests
test_combined_catalog_reports_when_both_stock_sources_fail	method	tests/test_imperium_api.py	941	ApplyPacketTests
test_material_inventory_retries_on_a_clean_connection	method	tests/test_imperium_api.py	961	ApplyPacketTests
test_official_material_preparation_uses_existing_technician_stock	method	tests/test_imperium_api.py	983	ApplyPacketTests
test_official_material_preparation_distributes_group_as_concrete_codes	method	tests/test_imperium_api.py	1039	ApplyPacketTests
test_official_material_preparation_accepts_six_digit_code	method	tests/test_imperium_api.py	1123	ApplyPacketTests
test_official_material_preparation_blocks_invalid_code_format	method	tests/test_imperium_api.py	1177	ApplyPacketTests
test_direct_productive_close_accepts_six_digit_material_code	method	tests/test_imperium_api.py	1203	ApplyPacketTests
test_official_material_preparation_transfers_only_shortfall	method	tests/test_imperium_api.py	1235	ApplyPacketTests
test_official_material_preparation_blocks_installer_change	method	tests/test_imperium_api.py	1308	ApplyPacketTests
test_official_material_preparation_blocks_unknown_material	method	tests/test_imperium_api.py	1342	ApplyPacketTests
test_material_transfer_timeout_is_never_repeated_automatically	method	tests/test_imperium_api.py	1389	ApplyPacketTests
test_material_transfer_timeout_continues_when_fresh_stock_confirms	method	tests/test_imperium_api.py	1425	ApplyPacketTests
test_confirmed_material_transfer_reconnects_without_repeating_write	method	tests/test_imperium_api.py	1465	ApplyPacketTests
test_material_transfer_stops_before_write_when_source_has_no_stock	method	tests/test_imperium_api.py	1496	ApplyPacketTests
test_productive_packet_accepts_multiple_equipment_and_smart	method	tests/test_imperium_api.py	1523	ApplyPacketTests
test_productive_rules_reject_incomplete_movements	method	tests/test_imperium_api.py	1585	ApplyPacketTests
test_chip_close_accepts_a_partial_serial_and_rejects_other_movements	method	tests/test_imperium_api.py	1630	ApplyPacketTests
test_productive_close_accepts_toa_material_description	method	tests/test_imperium_api.py	1654	ApplyPacketTests
test_productive_material_close_reconnects_before_apply	method	tests/test_imperium_api.py	1683	ApplyPacketTests
test_material_timeout_uses_extended_confirmation_without_resending	method	tests/test_imperium_api.py	1774	ApplyPacketTests
test_sent_close_without_confirmation_is_uncertain	method	tests/test_imperium_api.py	1837	ApplyPacketTests
test_closed_430_blocks_later_106_before_any_write_preparation	method	tests/test_imperium_api.py	1879	ApplyPacketTests
test_prefilled_code_on_field_order_does_not_mean_closed	method	tests/test_imperium_api.py	1922	ApplyPacketTests
test_import_never_repeats_an_ambiguous_timed_out_lot	method	tests/test_imperium_api.py	1937	ApplyPacketTests
test_dataset_sequence_byte_is_not_treated_as_row_count	method	tests/test_imperium_api.py	1969	ApplyPacketTests
test_two_byte_row_count_marker_accepts_large_dataset	method	tests/test_imperium_api.py	1986	ApplyPacketTests
test_empty_dataset_marker_returns_no_orders	method	tests/test_imperium_api.py	2003	ApplyPacketTests
test_only_first_main_record_mask_is_changed	method	tests/test_imperium_api.py	2008	ApplyPacketTests
FakeResponse	class	tests/test_imperium_http_api.py	20	-
__init__	method	tests/test_imperium_http_api.py	21	FakeResponse
__enter__	method	tests/test_imperium_http_api.py	26	FakeResponse
__exit__	method	tests/test_imperium_http_api.py	29	FakeResponse
read	method	tests/test_imperium_http_api.py	32	FakeResponse
sample_payload	function	tests/test_imperium_http_api.py	36	-
PayloadTests	class	tests/test_imperium_http_api.py	54	-
test_builds_and_aggregates_materials	method	tests/test_imperium_http_api.py	55	PayloadTests
test_rejects_invalid_date	method	tests/test_imperium_http_api.py	67	PayloadTests
test_rejects_duplicate_serial	method	tests/test_imperium_http_api.py	73	PayloadTests
test_rejects_same_installed_and_removed_serial	method	tests/test_imperium_http_api.py	81	PayloadTests
test_rejects_non_positive_quantity	method	tests/test_imperium_http_api.py	87	PayloadTests
ClientTests	class	tests/test_imperium_http_api.py	94	-
test_login_and_write_use_exact_contract	method	tests/test_imperium_http_api.py	95	ClientTests
test_login_captures_jader_identity_headers	method	tests/test_imperium_http_api.py	123	ClientTests
test_official_stock_reads_use_bearer_and_expected_routes	method	tests/test_imperium_http_api.py	147	ClientTests
test_official_stock_read_renews_expired_token_once	method	tests/test_imperium_http_api.py	169	ClientTests
test_official_stock_rejects_invalid_identifier_without_network	method	tests/test_imperium_http_api.py	190	ClientTests
test_validation_failure_sends_nothing	method	tests/test_imperium_http_api.py	197	ClientTests
test_write_timeout_is_uncertain_and_not_retried	method	tests/test_imperium_http_api.py	206	ClientTests
test_unauthorized_write_renews_token_and_retries_once	method	tests/test_imperium_http_api.py	220	ClientTests
test_second_unauthorized_write_is_not_retried_again	method	tests/test_imperium_http_api.py	251	ClientTests
test_http_error_keeps_structured_response	method	tests/test_imperium_http_api.py	273	ClientTests
test_secrets_are_redacted_from_login_error	method	tests/test_imperium_http_api.py	295	ClientTests
test_rejects_unencrypted_or_unknown_api_destination	method	tests/test_imperium_http_api.py	313	ClientTests
review_fixture	function	tests/test_imperium_http_plan.py	6	-
order_fixtures	function	tests/test_imperium_http_plan.py	31	-
OfficialPlanTests	class	tests/test_imperium_http_plan.py	54	-
test_route_missing_blocks_by_default	method	tests/test_imperium_http_plan.py	55	OfficialPlanTests
test_explicit_route_override_assigns_inventory_by_point	method	tests/test_imperium_http_plan.py	62	OfficialPlanTests
test_inventory_provider_mismatch_blocks_movement_order	method	tests/test_imperium_http_plan.py	91	OfficialPlanTests
test_unassigned_inventory_blocks_every_plan	method	tests/test_imperium_http_plan.py	103	OfficialPlanTests
test_removed_equipment_requires_equipment_code	method	tests/test_imperium_http_plan.py	116	OfficialPlanTests
ImportAuditHistoryTests	class	tests/test_import_audit_history.py	11	-
test_reads_newest_entries_and_skips_malformed_lines	method	tests/test_import_audit_history.py	12	ImportAuditHistoryTests
test_missing_file_returns_empty_payload	method	tests/test_import_audit_history.py	33	ImportAuditHistoryTests
ImproductiveCatalogCloseTests	class	tests/test_improductive_catalog_close.py	6	-
sample_order	method	tests/test_improductive_catalog_close.py	7	ImproductiveCatalogCloseTests
test_unknown_improductive_uses_validated_simple_layout	method	tests/test_improductive_catalog_close.py	16	ImproductiveCatalogCloseTests
test_productive_code_is_rejected	method	tests/test_improductive_catalog_close.py	46	ImproductiveCatalogCloseTests
InstallerChangeProtocolTests	class	tests/test_installer_change.py	15	-
setUp	method	tests/test_installer_change.py	16	InstallerChangeProtocolTests
test_replaces_only_the_three_captured_identifiers	method	tests/test_installer_change.py	21	InstallerChangeProtocolTests
test_recognizes_the_captured_success_blob_recursively	method	tests/test_installer_change.py	38	InstallerChangeProtocolTests
test_rejects_non_positive_identifiers	method	tests/test_installer_change.py	46	InstallerChangeProtocolTests
InstallerChangeAPITests	class	tests/test_installer_change.py	51	-
setUp	method	tests/test_installer_change.py	52	InstallerChangeAPITests
test_sends_one_explicit_order_and_requires_success_response	method	tests/test_installer_change.py	55	InstallerChangeAPITests
test_rejects_a_success_blob_when_the_installer_did_not_change	method	tests/test_installer_change.py	93	InstallerChangeAPITests
test_reads_the_authoritative_installer_from_the_order_detail	method	tests/test_installer_change.py	118	InstallerChangeAPITests
test_does_not_accept_an_unconfirmed_write	method	tests/test_installer_change.py	139	InstallerChangeAPITests
InstallerReassignmentTests	class	tests/test_installer_reassignment.py	18	-
setUp	method	tests/test_installer_reassignment.py	19	InstallerReassignmentTests
test_resolve_exact_match	method	tests/test_installer_reassignment.py	81	InstallerReassignmentTests
test_resolve_same_technician_name	method	tests/test_installer_reassignment.py	90	InstallerReassignmentTests
test_resolve_by_login	method	tests/test_installer_reassignment.py	99	InstallerReassignmentTests
test_resolve_explicit_alias_melquisedeque	method	tests/test_installer_reassignment.py	107	InstallerReassignmentTests
test_resolve_explicit_alias_somerregilson	method	tests/test_installer_reassignment.py	116	InstallerReassignmentTests
test_resolve_returns_none_when_technician_not_found	method	tests/test_installer_reassignment.py	125	InstallerReassignmentTests
test_resolve_returns_none_when_ambiguous	method	tests/test_installer_reassignment.py	133	InstallerReassignmentTests
test_no_divergence_does_not_call_change_installer	method	tests/test_installer_reassignment.py	141	InstallerReassignmentTests
test_divergence_reassigns_installer_successfully	method	tests/test_installer_reassignment.py	162	InstallerReassignmentTests
test_divergence_raises_unresolved_when_technician_cannot_be_found	method	tests/test_installer_reassignment.py	190	InstallerReassignmentTests
test_divergence_raises_unresolved_when_ambiguous	method	tests/test_installer_reassignment.py	210	InstallerReassignmentTests
test_divergence_raises_unresolved_when_change_disabled	method	tests/test_installer_reassignment.py	230	InstallerReassignmentTests
test_divergence_raises_reassignment_failed_when_api_fails	method	tests/test_installer_reassignment.py	252	InstallerReassignmentTests
test_divergence_raises_unconfirmed_when_confirmation_diverges	method	tests/test_installer_reassignment.py	274	InstallerReassignmentTests
CloseEndpointReassignmentIntegrationTests	class	tests/test_installer_reassignment.py	297	-
test_close_endpoint_returns_422_on_unresolved_installer	method	tests/test_installer_reassignment.py	298	CloseEndpointReassignmentIntegrationTests
test_close_endpoint_reassigns_and_successfully_closes_reference_case	method	tests/test_installer_reassignment.py	357	CloseEndpointReassignmentIntegrationTests
short_text	function	tests/test_manual_materials.py	17	-
fmtdbcd	function	tests/test_manual_materials.py	22	-
manual_record	function	tests/test_manual_materials.py	29	-
ManualMaterialParserTests	class	tests/test_manual_materials.py	57	-
test_decodes_the_bcd_balance_used_by_recife	method	tests/test_manual_materials.py	58	ManualMaterialParserTests
test_parses_manual_picker_records	method	tests/test_manual_materials.py	62	ManualMaterialParserTests
test_rejects_payload_without_manual_material_records	method	tests/test_manual_materials.py	92	ManualMaterialParserTests
test_preserves_same_code_in_different_business_units	method	tests/test_manual_materials.py	96	ManualMaterialParserTests
test_parses_the_material_row_written_in_apply_updates	method	tests/test_manual_materials.py	127	ManualMaterialParserTests
ManualMaterialProtocolTests	class	tests/test_manual_materials.py	163	-
setUp	method	tests/test_manual_materials.py	164	ManualMaterialProtocolTests
test_rebuilds_the_recife_manual_picker_requests	method	tests/test_manual_materials.py	167	ManualMaterialProtocolTests
test_reconciles_picker_balance_without_losing_unit_id	method	tests/test_manual_materials.py	181	ManualMaterialProtocolTests
test_reconcile_prefers_net_balance_over_claro_duplicate	method	tests/test_manual_materials.py	216	ManualMaterialProtocolTests
stock	function	tests/test_material_matching.py	15	-
stock_with_group	function	tests/test_material_matching.py	26	-
request	function	tests/test_material_matching.py	44	-
MaterialMatchingTests	class	tests/test_material_matching.py	53	-
test_non_postable_accessories_are_identified_without_broad_cable_match	method	tests/test_material_matching.py	54	MaterialMatchingTests
test_non_postable_accessories_are_audited_but_not_resolved	method	tests/test_material_matching.py	71	MaterialMatchingTests
test_normalizes_code_prefix_and_punctuation	method	tests/test_material_matching.py	106	MaterialMatchingTests
test_extracts_concrete_code_from_toa_description	method	tests/test_material_matching.py	115	MaterialMatchingTests
test_conflicting_concrete_codes_are_rejected	method	tests/test_material_matching.py	124	MaterialMatchingTests
test_real_connector_matches_exact_code_despite_punctuation	method	tests/test_material_matching.py	137	MaterialMatchingTests
test_description_alone_does_not_match_another_code	method	tests/test_material_matching.py	156	MaterialMatchingTests
test_cable_equivalence_group_matches_imperium_stock	method	tests/test_material_matching.py	165	MaterialMatchingTests
test_exact_code_is_kept_when_available	method	tests/test_material_matching.py	181	MaterialMatchingTests
test_same_description_resolves_slash_variant	method	tests/test_material_matching.py	195	MaterialMatchingTests
test_approved_connector_codes_are_aggregated	method	tests/test_material_matching.py	213	MaterialMatchingTests
test_fixador_uses_confirmed_fallback_only_when_exact_is_absent	method	tests/test_material_matching.py	229	MaterialMatchingTests
test_isolating_tape_is_replaced_by_approved_equivalence	method	tests/test_material_matching.py	240	MaterialMatchingTests
test_marker_numbers_are_never_inferred_as_equivalent	method	tests/test_material_matching.py	251	MaterialMatchingTests
test_shortage_blocks_the_resolution	method	tests/test_material_matching.py	262	MaterialMatchingTests
test_productive_close_rejects_unconfirmed_equivalence	method	tests/test_material_matching.py	272	MaterialMatchingTests
test_productive_close_strips_non_postable_materials_before_preparation	method	tests/test_material_matching.py	292	MaterialMatchingTests
GroupDistributionTests	class	tests/test_material_matching.py	317	-
test_preferred_concrete_code_is_consumed_before_group_siblings	method	tests/test_material_matching.py	318	GroupDistributionTests
test_distributes_4_units_across_5_items_of_quantity_1	method	tests/test_material_matching.py	343	GroupDistributionTests
test_first_item_with_quantity_3_and_total_request_4	method	tests/test_material_matching.py	364	GroupDistributionTests
test_decimal_quantities_are_preserved_exactly	method	tests/test_material_matching.py	378	GroupDistributionTests
test_insufficient_stock_blocks_without_partial_result	method	tests/test_material_matching.py	419	GroupDistributionTests
test_zero_and_negative_requested_quantities_are_rejected	method	tests/test_material_matching.py	432	GroupDistributionTests
test_divisor_dc_9_does_not_confuse_with_divisor_dc_10	method	tests/test_material_matching.py	444	GroupDistributionTests
test_group_id_has_priority_over_name	method	tests/test_material_matching.py	457	GroupDistributionTests
test_concrete_codes_are_preserved	method	tests/test_material_matching.py	474	GroupDistributionTests
test_input_list_is_not_modified	method	tests/test_material_matching.py	487	GroupDistributionTests
test_result_order_is_deterministic	method	tests/test_material_matching.py	501	GroupDistributionTests
MaterialWriteoffTests	class	tests/test_material_writeoff.py	15	-
setUpClass	method	tests/test_material_writeoff.py	17	MaterialWriteoffTests
test_quantity_one_matches_captured_bcd	method	tests/test_material_writeoff.py	20	MaterialWriteoffTests
test_quantity_with_decimals_uses_two_decimal_places	method	tests/test_material_writeoff.py	26	MaterialWriteoffTests
test_delta_record_transforms_match_the_official_material_layout	method	tests/test_material_writeoff.py	37	MaterialWriteoffTests
test_material_row_matches_the_validated_capture	method	tests/test_material_writeoff.py	74	MaterialWriteoffTests
test_material_suffix_preserves_captured_productive_controller	method	tests/test_material_writeoff.py	109	MaterialWriteoffTests
test_multiple_material_rows_match_captured_nested_layout	method	tests/test_material_writeoff.py	117	MaterialWriteoffTests
test_material_preflight_patches_installer_in_three_call_sequence	method	tests/test_material_writeoff.py	188	MaterialWriteoffTests
test_material_preflight_uses_one_handle_for_reset_query_reset	method	tests/test_material_writeoff.py	212	MaterialWriteoffTests
test_normalize_text_preserves_accented_names	method	tests/test_material_writeoff.py	227	MaterialWriteoffTests
test_invalid_or_serial_material_is_rejected	method	tests/test_material_writeoff.py	230	MaterialWriteoffTests
test_quick_writeoff_validates_stock_and_confirms_new_balance	method	tests/test_material_writeoff.py	246	MaterialWriteoffTests
test_stock_balance_confirms_writeoff_after_apply_timeout	method	tests/test_material_writeoff.py	296	MaterialWriteoffTests
test_correction_order_uses_fixed_service_and_selected_technician	method	tests/test_material_writeoff.py	340	MaterialWriteoffTests
test_correction_order_confirms_creation_after_import_timeout	method	tests/test_material_writeoff.py	361	MaterialWriteoffTests
NativeOrderProtocolTests	class	tests/test_native_orders.py	26	-
setUpClass	method	tests/test_native_orders.py	28	NativeOrderProtocolTests
_captured_context	method	tests/test_native_orders.py	31	NativeOrderProtocolTests
test_reconstructs_every_captured_native_packet	method	tests/test_native_orders.py	47	NativeOrderProtocolTests
test_updates_dynamic_packet_lengths	method	tests/test_native_orders.py	77	NativeOrderProtocolTests
test_parses_contract_context_and_existing_orders	method	tests/test_native_orders.py	106	NativeOrderProtocolTests
test_parses_manual_order_with_optional_contract_fields	method	tests/test_native_orders.py	140	NativeOrderProtocolTests
test_exposes_only_captured_profiles_and_services	method	tests/test_native_orders.py	183	NativeOrderProtocolTests
test_contract_query_requires_exactly_seven_digits	method	tests/test_native_orders.py	196	NativeOrderProtocolTests
test_fixed_client_123_context_keeps_informed_contract	method	tests/test_native_orders.py	201	NativeOrderProtocolTests
test_fixed_client_123_is_rejected_outside_natal	method	tests/test_native_orders.py	213	NativeOrderProtocolTests
test_fixed_client_123_builds_every_natal_service_packet	method	tests/test_native_orders.py	220	NativeOrderProtocolTests
test_manual_packet_reconstructs_validated_capture_exactly	method	tests/test_native_orders.py	241	NativeOrderProtocolTests
test_manual_packet_preserves_informed_contract	method	tests/test_native_orders.py	257	NativeOrderProtocolTests
test_manual_packet_rejects_invalid_contract	method	tests/test_native_orders.py	275	NativeOrderProtocolTests
test_native_creation_uses_complete_manual_packet_for_client_123	method	tests/test_native_orders.py	289	NativeOrderProtocolTests
test_native_confirmation_matches_number_and_contract_from_daily_list	method	tests/test_native_orders.py	351	NativeOrderProtocolTests
test_native_confirmation_waits_for_late_server_visibility	method	tests/test_native_orders.py	370	NativeOrderProtocolTests
test_native_confirmation_recovers_from_intermediate_read_error	method	tests/test_native_orders.py	406	NativeOrderProtocolTests
OfficialClosePlanTests	class	tests/test_official_close.py	8	-
setUp	method	tests/test_official_close.py	9	OfficialClosePlanTests
plan	method	tests/test_official_close.py	21	OfficialClosePlanTests
test_builds_exact_productive_payload	method	tests/test_official_close.py	33	OfficialClosePlanTests
test_removed_equipment_uses_captured_equipment_code	method	tests/test_official_close.py	59	OfficialClosePlanTests
test_nonproductive_code_rejects_inventory	method	tests/test_official_close.py	75	OfficialClosePlanTests
test_430_rejects_installed_equipment	method	tests/test_official_close.py	86	OfficialClosePlanTests
test_non_postable_accessories_are_not_sent	method	tests/test_official_close.py	97	OfficialClosePlanTests
row	function	tests/test_official_close_code_catalog.py	12	-
build	function	tests/test_official_close_code_catalog.py	33	-
OfficialCloseCodeCatalogTests	class	tests/test_official_close_code_catalog.py	42	-
test_valid_entry_preserves_all_operational_fields	method	tests/test_official_close_code_catalog.py	43	OfficialCloseCodeCatalogTests
test_identical_duplicate_is_warning_without_correction	method	tests/test_official_close_code_catalog.py	54	OfficialCloseCodeCatalogTests
test_inconsistent_duplicate_keeps_variants_and_no_selection	method	tests/test_official_close_code_catalog.py	67	OfficialCloseCodeCatalogTests
test_missing_required_field_is_blocked	method	tests/test_official_close_code_catalog.py	84	OfficialCloseCodeCatalogTests
test_catalog_never_creates_alias_or_payload	method	tests/test_official_close_code_catalog.py	91	OfficialCloseCodeCatalogTests
test_import_has_no_network_or_operational_client	method	tests/test_official_close_code_catalog.py	100	OfficialCloseCodeCatalogTests
pdf_entry	function	tests/test_official_close_code_reconciliation.py	18	-
pdf_catalog	function	tests/test_official_close_code_reconciliation.py	36	-
registered	function	tests/test_official_close_code_reconciliation.py	50	-
xlsx_row	function	tests/test_official_close_code_reconciliation.py	62	-
CloseCodeReconciliationTests	class	tests/test_official_close_code_reconciliation.py	79	-
test_normalization_ignores_accents_and_punctuation	method	tests/test_official_close_code_reconciliation.py	80	CloseCodeReconciliationTests
test_reconciliation_separates_missing_extra_and_mismatch	method	tests/test_official_close_code_reconciliation.py	86	CloseCodeReconciliationTests
test_conflicting_registered_duplicate_is_reported	method	tests/test_official_close_code_reconciliation.py	114	CloseCodeReconciliationTests
test_xlsx_loader_finds_header_after_legend	method	tests/test_official_close_code_reconciliation.py	133	CloseCodeReconciliationTests
test_xlsx_loader_rejects_missing_columns	method	tests/test_official_close_code_reconciliation.py	149	CloseCodeReconciliationTests
test_inputs_are_not_modified	method	tests/test_official_close_code_reconciliation.py	164	CloseCodeReconciliationTests
test_module_has_no_network_or_operational_import	method	tests/test_official_close_code_reconciliation.py	175	CloseCodeReconciliationTests
test_report_never_generates_registration_commands	method	tests/test_official_close_code_reconciliation.py	197	CloseCodeReconciliationTests
_FakeAPI	class	tests/test_official_close_codes.py	11	-
__init__	method	tests/test_official_close_codes.py	12	_FakeAPI
close_code	method	tests/test_official_close_codes.py	25	_FakeAPI
_FakeProfile	class	tests/test_official_close_codes.py	32	-
__init__	method	tests/test_official_close_codes.py	33	_FakeProfile
OfficialCloseCodeCatalogTests	class	tests/test_official_close_codes.py	37	-
setUp	method	tests/test_official_close_codes.py	38	OfficialCloseCodeCatalogTests
test_catalog_exposes_code_312_with_repaired_text	method	tests/test_official_close_codes.py	41	OfficialCloseCodeCatalogTests
test_official_transport_accepts_catalog_code	method	tests/test_official_close_codes.py	46	OfficialCloseCodeCatalogTests
test_datasnap_rejects_catalog_only_code	method	tests/test_official_close_codes.py	54	OfficialCloseCodeCatalogTests
test_static_definition_overrides_catalog_metadata	method	tests/test_official_close_codes.py	58	OfficialCloseCodeCatalogTests
test_merged_metadata_contains_each_code_once	method	tests/test_official_close_codes.py	66	OfficialCloseCodeCatalogTests
review_fixture	function	tests/test_official_close_dry_run.py	23	-
order_fixtures	function	tests/test_official_close_dry_run.py	64	-
ControlledOfficialDryRunTests	class	tests/test_official_close_dry_run.py	91	-
build	method	tests/test_official_close_dry_run.py	92	ControlledOfficialDryRunTests
test_real_capabilities_produce_expected_payloads	method	tests/test_official_close_dry_run.py	105	ControlledOfficialDryRunTests
test_inverted_order_does_not_change_result	method	tests/test_official_close_dry_run.py	130	ControlledOfficialDryRunTests
test_toa_complete_and_imperium_em_campo_is_allowed	method	tests/test_official_close_dry_run.py	143	ControlledOfficialDryRunTests
test_toa_already_processed_marker_does_not_override_imperium	method	tests/test_official_close_dry_run.py	152	ControlledOfficialDryRunTests
test_toa_complete_and_imperium_finalized_is_blocked	method	tests/test_official_close_dry_run.py	161	ControlledOfficialDryRunTests
test_both_tasks_keep_visible_code_409	method	tests/test_official_close_dry_run.py	168	ControlledOfficialDryRunTests
test_equipment_on_close_only_is_blocked	method	tests/test_official_close_dry_run.py	179	ControlledOfficialDryRunTests
test_material_on_close_only_is_blocked	method	tests/test_official_close_dry_run.py	188	ControlledOfficialDryRunTests
test_two_material_capable_orders_are_blocked	method	tests/test_official_close_dry_run.py	197	ControlledOfficialDryRunTests
test_no_material_capable_order_is_blocked	method	tests/test_official_close_dry_run.py	205	ControlledOfficialDryRunTests
test_unknown_service_is_blocked	method	tests/test_official_close_dry_run.py	213	ControlledOfficialDryRunTests
test_authorized_close_only_order_is_blocked	method	tests/test_official_close_dry_run.py	220	ControlledOfficialDryRunTests
test_duplicate_os_number_is_blocked	method	tests/test_official_close_dry_run.py	224	ControlledOfficialDryRunTests
test_missing_inventory_point_is_blocked	method	tests/test_official_close_dry_run.py	231	ControlledOfficialDryRunTests
test_missing_route_is_blocked	method	tests/test_official_close_dry_run.py	240	ControlledOfficialDryRunTests
test_removed_equipment_without_code_is_blocked	method	tests/test_official_close_dry_run.py	247	ControlledOfficialDryRunTests
test_planner_omitting_close_only_order_is_blocked	method	tests/test_official_close_dry_run.py	256	ControlledOfficialDryRunTests
test_planner_cannot_change_payload_number	method	tests/test_official_close_dry_run.py	269	ControlledOfficialDryRunTests
test_decimal_quantity_remains_a_string	method	tests/test_official_close_dry_run.py	282	ControlledOfficialDryRunTests
test_input_data_is_not_modified	method	tests/test_official_close_dry_run.py	288	ControlledOfficialDryRunTests
test_output_has_no_send_capability	method	tests/test_official_close_dry_run.py	299	ControlledOfficialDryRunTests
test_official_json_is_only_the_material_payload	method	tests/test_official_close_dry_run.py	311	ControlledOfficialDryRunTests
valid_payload	function	tests/test_official_close_sender.py	33	-
FakeTransport	class	tests/test_official_close_sender.py	54	-
__init__	method	tests/test_official_close_sender.py	55	FakeTransport
send	method	tests/test_official_close_sender.py	64	FakeTransport
OfficialCloseSenderTests	class	tests/test_official_close_sender.py	71	-
setUp	method	tests/test_official_close_sender.py	72	OfficialCloseSenderTests
execute	method	tests/test_official_close_sender.py	86	OfficialCloseSenderTests
read_record	method	tests/test_official_close_sender.py	105	OfficialCloseSenderTests
test_correct_fingerprint_allows_exactly_one_fake_call	method	tests/test_official_close_sender.py	110	OfficialCloseSenderTests
test_https_transport_sends_required_official_headers_once	method	tests/test_official_close_sender.py	124	OfficialCloseSenderTests
test_different_fingerprint_blocks_before_transport	method	tests/test_official_close_sender.py	193	OfficialCloseSenderTests
test_invalid_payload_blocks_before_transport	method	tests/test_official_close_sender.py	202	OfficialCloseSenderTests
test_http_200_with_empty_body_is_queued_not_confirmed	method	tests/test_official_close_sender.py	212	OfficialCloseSenderTests
test_http_202_is_queued	method	tests/test_official_close_sender.py	220	OfficialCloseSenderTests
test_http_400_is_rejected	method	tests/test_official_close_sender.py	226	OfficialCloseSenderTests
test_timeout_is_uncertain	method	tests/test_official_close_sender.py	232	OfficialCloseSenderTests
test_exception_after_call_start_is_uncertain	method	tests/test_official_close_sender.py	241	OfficialCloseSenderTests
test_transport_failure_is_never_repeated	method	tests/test_official_close_sender.py	251	OfficialCloseSenderTests
test_module_has_no_alternate_transport_fallback	method	tests/test_official_close_sender.py	259	OfficialCloseSenderTests
test_queued_record_blocks_same_os_and_fingerprint	method	tests/test_official_close_sender.py	265	OfficialCloseSenderTests
test_queued_record_blocks_same_os_even_if_payload_changes	method	tests/test_official_close_sender.py	274	OfficialCloseSenderTests
test_uncertain_record_blocks_same_os_and_fingerprint	method	tests/test_official_close_sender.py	290	OfficialCloseSenderTests
test_rejected_requires_separate_manual_reauthorization	method	tests/test_official_close_sender.py	300	OfficialCloseSenderTests
test_response_body_cannot_persist_the_environment_token	method	tests/test_official_close_sender.py	317	OfficialCloseSenderTests
test_token_is_not_printed_persisted_or_exposed_by_exception	method	tests/test_official_close_sender.py	332	OfficialCloseSenderTests
test_import_does_not_open_network	method	tests/test_official_close_sender.py	349	OfficialCloseSenderTests
test_list_with_two_orders_is_rejected	method	tests/test_official_close_sender.py	371	OfficialCloseSenderTests
test_each_invocation_calls_transport_at_most_once	method	tests/test_official_close_sender.py	380	OfficialCloseSenderTests
test_missing_execute_confirmation_blocks_before_state_creation	method	tests/test_official_close_sender.py	395	OfficialCloseSenderTests
task	function	tests/test_official_close_toa_dry_run.py	29	-
inventory	function	tests/test_official_close_toa_dry_run.py	44	-
default_inventory	function	tests/test_official_close_toa_dry_run.py	72	-
capture_payload	function	tests/test_official_close_toa_dry_run.py	91	-
order_payload	function	tests/test_official_close_toa_dry_run.py	158	-
TOAOfficialCloseDryRunTests	class	tests/test_official_close_toa_dry_run.py	183	-
dry_run	method	tests/test_official_close_toa_dry_run.py	184	TOAOfficialCloseDryRunTests
test_inspection_preserves_tasks_slots_services_points_and_status	method	tests/test_official_close_toa_dry_run.py	201	TOAOfficialCloseDryRunTests
test_material_capable_receives_swap_and_materials	method	tests/test_official_close_toa_dry_run.py	222	TOAOfficialCloseDryRunTests
test_payload_uses_used_quantity_and_never_available_stock	method	tests/test_official_close_toa_dry_run.py	245	TOAOfficialCloseDryRunTests
test_non_postable_accessories_remain_audited_but_leave_the_payload	method	tests/test_official_close_toa_dry_run.py	261	TOAOfficialCloseDryRunTests
test_inventory_quantity_is_used_quantity_not_available_stock	method	tests/test_official_close_toa_dry_run.py	329	TOAOfficialCloseDryRunTests
test_close_only_generates_three_empty_inventory_lists	method	tests/test_official_close_toa_dry_run.py	353	TOAOfficialCloseDryRunTests
test_inverted_order_list_does_not_change_routing	method	tests/test_official_close_toa_dry_run.py	367	TOAOfficialCloseDryRunTests
test_toa_complete_and_imperium_em_campo_permits_dry_run	method	tests/test_official_close_toa_dry_run.py	375	TOAOfficialCloseDryRunTests
test_toa_already_processed_marker_does_not_override_imperium	method	tests/test_official_close_toa_dry_run.py	385	TOAOfficialCloseDryRunTests
test_toa_executed_text_and_imperium_em_campo_permits_dry_run	method	tests/test_official_close_toa_dry_run.py	396	TOAOfficialCloseDryRunTests
test_toa_complete_and_imperium_finalized_blocks	method	tests/test_official_close_toa_dry_run.py	404	TOAOfficialCloseDryRunTests
test_equipment_routed_to_close_only_blocks	method	tests/test_official_close_toa_dry_run.py	414	TOAOfficialCloseDryRunTests
test_material_routed_to_close_only_blocks	method	tests/test_official_close_toa_dry_run.py	423	TOAOfficialCloseDryRunTests
test_two_material_capable_orders_block	method	tests/test_official_close_toa_dry_run.py	432	TOAOfficialCloseDryRunTests
test_unknown_service_blocks	method	tests/test_official_close_toa_dry_run.py	439	TOAOfficialCloseDryRunTests
test_authorized_material_os_must_match_detected_order	method	tests/test_official_close_toa_dry_run.py	446	TOAOfficialCloseDryRunTests
test_missing_order_point_blocks	method	tests/test_official_close_toa_dry_run.py	451	TOAOfficialCloseDryRunTests
test_ambiguous_duplicate_points_block	method	tests/test_official_close_toa_dry_run.py	458	TOAOfficialCloseDryRunTests
test_task_number_must_match_indexed_order	method	tests/test_official_close_toa_dry_run.py	465	TOAOfficialCloseDryRunTests
test_task_point_must_match_order_point	method	tests/test_official_close_toa_dry_run.py	472	TOAOfficialCloseDryRunTests
test_inventory_aid_must_match_activity	method	tests/test_official_close_toa_dry_run.py	481	TOAOfficialCloseDryRunTests
test_removed_equipment_without_code_blocks	method	tests/test_official_close_toa_dry_run.py	492	TOAOfficialCloseDryRunTests
test_name_spelling_difference_with_same_login_warns_and_passes	method	tests/test_official_close_toa_dry_run.py	501	TOAOfficialCloseDryRunTests
test_same_name_with_different_login_blocks	method	tests/test_official_close_toa_dry_run.py	513	TOAOfficialCloseDryRunTests
test_fingerprint_and_file_are_exact_and_stable	method	tests/test_official_close_toa_dry_run.py	524	TOAOfficialCloseDryRunTests
test_input_data_is_not_modified	method	tests/test_official_close_toa_dry_run.py	538	TOAOfficialCloseDryRunTests
test_modules_have_no_send_capability	method	tests/test_official_close_toa_dry_run.py	549	TOAOfficialCloseDryRunTests
file_hash	function	tests/test_official_material_catalog.py	21	-
OfficialMaterialCatalogTests	class	tests/test_official_material_catalog.py	25	-
setUp	method	tests/test_official_material_catalog.py	26	OfficialMaterialCatalogTests
create_workbook	method	tests/test_official_material_catalog.py	31	OfficialMaterialCatalogTests
load	method	tests/test_official_material_catalog.py	48	OfficialMaterialCatalogTests
test_reads_valid_workbook_and_builds_indexes	method	tests/test_official_material_catalog.py	57	OfficialMaterialCatalogTests
test_numeric_code_respects_excel_leading_zero_format	method	tests/test_official_material_catalog.py	73	OfficialMaterialCatalogTests
test_missing_columns_are_rejected	method	tests/test_official_material_catalog.py	86	OfficialMaterialCatalogTests
test_duplicate_code_with_identical_description_is_registered	method	tests/test_official_material_catalog.py	95	OfficialMaterialCatalogTests
test_duplicate_code_with_divergent_descriptions_is_critical	method	tests/test_official_material_catalog.py	110	OfficialMaterialCatalogTests
test_duplicate_description_returns_ambiguity_without_selection	method	tests/test_official_material_catalog.py	124	OfficialMaterialCatalogTests
test_exact_code_and_description_are_validated	method	tests/test_official_material_catalog.py	141	OfficialMaterialCatalogTests
test_punctuation_is_normalized_for_exact_comparison	method	tests/test_official_material_catalog.py	156	OfficialMaterialCatalogTests
test_fuzzy_description_is_not_used	method	tests/test_official_material_catalog.py	169	OfficialMaterialCatalogTests
test_incompatible_code_and_description_are_blocked	method	tests/test_official_material_catalog.py	179	OfficialMaterialCatalogTests
test_unrelated_divergent_catalog_entry_does_not_block_payload	method	tests/test_official_material_catalog.py	200	OfficialMaterialCatalogTests
test_used_divergent_catalog_code_blocks_payload	method	tests/test_official_material_catalog.py	221	OfficialMaterialCatalogTests
test_candidate_from_divergent_entry_blocks_payload	method	tests/test_official_material_catalog.py	244	OfficialMaterialCatalogTests
test_description_candidate_never_creates_automatic_alias	method	tests/test_official_material_catalog.py	268	OfficialMaterialCatalogTests
test_contract_report_keeps_stock_and_group_as_blockers	method	tests/test_official_material_catalog.py	299	OfficialMaterialCatalogTests
test_contract_report_keeps_unrelated_catalog_error_as_warning	method	tests/test_official_material_catalog.py	338	OfficialMaterialCatalogTests
test_import_is_read_only_and_uses_no_network	method	tests/test_official_material_catalog.py	372	OfficialMaterialCatalogTests
test_importing_module_has_no_network_side_effect	method	tests/test_official_material_catalog.py	396	OfficialMaterialCatalogTests
test_generated_index_contains_no_aliases_or_source_path	method	tests/test_official_material_catalog.py	418	OfficialMaterialCatalogTests
make_catalog	function	tests/test_official_stock_audit.py	33	-
make_capture	function	tests/test_official_stock_audit.py	53	-
stock_item	function	tests/test_official_stock_audit.py	74	-
FakeReadAPI	class	tests/test_official_stock_audit.py	91	-
__init__	method	tests/test_official_stock_audit.py	92	FakeReadAPI
list_stock_technicians	method	tests/test_official_stock_audit.py	97	FakeReadAPI
technician_stock	method	tests/test_official_stock_audit.py	101	FakeReadAPI
OfficialStockAuditTests	class	tests/test_official_stock_audit.py	106	-
test_exact_installer_and_stock_are_required	method	tests/test_official_stock_audit.py	107	OfficialStockAuditTests
test_positive_zero_absent_and_divergent_statuses	method	tests/test_official_stock_audit.py	122	OfficialStockAuditTests
test_report_preserves_required_read_evidence	method	tests/test_official_stock_audit.py	154	OfficialStockAuditTests
test_22025072_and_22064608_are_never_aliased	method	tests/test_official_stock_audit.py	181	OfficialStockAuditTests
test_unrelated_catalog_conflict_is_warning_not_blocker	method	tests/test_official_stock_audit.py	197	OfficialStockAuditTests
test_duplicate_stock_rows_for_code_are_divergent	method	tests/test_official_stock_audit.py	210	OfficialStockAuditTests
test_capture_uses_only_exact_installer_id_then_stock_id	method	tests/test_official_stock_audit.py	224	OfficialStockAuditTests
test_capture_never_falls_back_to_technician_name	method	tests/test_official_stock_audit.py	253	OfficialStockAuditTests
test_input_capture_is_not_modified	method	tests/test_official_stock_audit.py	273	OfficialStockAuditTests
test_default_code_set_is_exact	method	tests/test_official_stock_audit.py	285	OfficialStockAuditTests
test_import_has_no_network_or_write_side_effect	method	tests/test_official_stock_audit.py	304	OfficialStockAuditTests
raw_material	function	tests/test_official_stock_blocker_review.py	13	-
inspection_material	function	tests/test_official_stock_blocker_review.py	34	-
catalog_material	function	tests/test_official_stock_blocker_review.py	53	-
stock_material	function	tests/test_official_stock_blocker_review.py	78	-
fixture	function	tests/test_official_stock_blocker_review.py	100	-
OfficialStockBlockerReviewTests	class	tests/test_official_stock_blocker_review.py	188	-
test_exact_required_zero_balance_stays_sem_saldo	method	tests/test_official_stock_blocker_review.py	189	OfficialStockBlockerReviewTests
test_exact_required_missing_stock_stays_ausente	method	tests/test_official_stock_blocker_review.py	199	OfficialStockBlockerReviewTests
test_blocker_absent_from_both_contract_sources_is_matching_incorreto	method	tests/test_official_stock_blocker_review.py	208	OfficialStockBlockerReviewTests
test_presence_mismatch_between_sources_is_conflito	method	tests/test_official_stock_blocker_review.py	226	OfficialStockBlockerReviewTests
test_catalog_code_conflict_stays_blocked_as_conflito	method	tests/test_official_stock_blocker_review.py	240	OfficialStockBlockerReviewTests
test_unit_conflict_is_preserved_separately	method	tests/test_official_stock_blocker_review.py	249	OfficialStockBlockerReviewTests
test_missing_origin_unit_is_not_invented_or_called_divergent	method	tests/test_official_stock_blocker_review.py	260	OfficialStockBlockerReviewTests
test_absent_stock_unit_remains_null	method	tests/test_official_stock_blocker_review.py	269	OfficialStockBlockerReviewTests
test_candidates_never_authorize_alias_or_substitution	method	tests/test_official_stock_blocker_review.py	276	OfficialStockBlockerReviewTests
test_unrelated_catalog_conflict_remains_warning_only	method	tests/test_official_stock_blocker_review.py	310	OfficialStockBlockerReviewTests
test_warning_state_is_not_folded_into_conflict	method	tests/test_official_stock_blocker_review.py	322	OfficialStockBlockerReviewTests
test_all_real_blocker_states_are_preserved	method	tests/test_official_stock_blocker_review.py	333	OfficialStockBlockerReviewTests
test_inputs_are_not_modified	method	tests/test_official_stock_blocker_review.py	350	OfficialStockBlockerReviewTests
test_wrong_contract_or_installer_is_rejected	method	tests/test_official_stock_blocker_review.py	358	OfficialStockBlockerReviewTests
test_import_has_no_network_or_operational_side_effect	method	tests/test_official_stock_blocker_review.py	364	OfficialStockBlockerReviewTests
fixture	function	tests/test_official_stock_remediation_plan.py	52	-
OfficialStockRemediationPlanTests	class	tests/test_official_stock_remediation_plan.py	246	-
test_zero_balance_calculates_exact_deficit	method	tests/test_official_stock_remediation_plan.py	247	OfficialStockRemediationPlanTests
test_absent_material_preserves_null_and_minimum_deficit	method	tests/test_official_stock_remediation_plan.py	261	OfficialStockRemediationPlanTests
test_unknown_unit_is_preserved_without_conversion	method	tests/test_official_stock_remediation_plan.py	273	OfficialStockRemediationPlanTests
test_candidate_substitution_is_rejected	method	tests/test_official_stock_remediation_plan.py	291	OfficialStockRemediationPlanTests
test_contract_divergence_is_rejected	method	tests/test_official_stock_remediation_plan.py	303	OfficialStockRemediationPlanTests
test_installer_divergence_is_rejected	method	tests/test_official_stock_remediation_plan.py	313	OfficialStockRemediationPlanTests
test_review_and_audit_divergence_is_rejected	method	tests/test_official_stock_remediation_plan.py	323	OfficialStockRemediationPlanTests
test_capture_and_inspection_quantity_divergence_is_rejected	method	tests/test_official_stock_remediation_plan.py	335	OfficialStockRemediationPlanTests
test_catalog_and_review_identifier_divergence_is_rejected	method	tests/test_official_stock_remediation_plan.py	347	OfficialStockRemediationPlanTests
test_missing_or_invalid_input_file_is_rejected	method	tests/test_official_stock_remediation_plan.py	359	OfficialStockRemediationPlanTests
test_output_is_deterministic	method	tests/test_official_stock_remediation_plan.py	376	OfficialStockRemediationPlanTests
test_inputs_are_not_modified	method	tests/test_official_stock_remediation_plan.py	385	OfficialStockRemediationPlanTests
test_all_four_blockers_stay_active	method	tests/test_official_stock_remediation_plan.py	393	OfficialStockRemediationPlanTests
test_code_104_is_context_only_and_never_authorized	method	tests/test_official_stock_remediation_plan.py	408	OfficialStockRemediationPlanTests
test_unrelated_pdf_duplicate_warnings_do_not_block_plan	method	tests/test_official_stock_remediation_plan.py	425	OfficialStockRemediationPlanTests
test_missing_code_104_blocks_context_registration	method	tests/test_official_stock_remediation_plan.py	445	OfficialStockRemediationPlanTests
test_inconsistent_code_104_blocks_context_registration	method	tests/test_official_stock_remediation_plan.py	455	OfficialStockRemediationPlanTests
test_stock_blockers_never_select_code_104	method	tests/test_official_stock_remediation_plan.py	465	OfficialStockRemediationPlanTests
test_no_operational_payload_is_produced	method	tests/test_official_stock_remediation_plan.py	480	OfficialStockRemediationPlanTests
test_module_imports_no_integration_or_write_client	method	tests/test_official_stock_remediation_plan.py	493	OfficialStockRemediationPlanTests
CandidateLocatorTests	class	tests/test_offline_candidate_and_resolver.py	13	-
test_closed_fixture_contract_or_os_is_not_eligible	method	tests/test_offline_candidate_and_resolver.py	14	CandidateLocatorTests
test_missing_activity_id_blocks_candidate	method	tests/test_offline_candidate_and_resolver.py	21	CandidateLocatorTests
test_divergent_city_or_profile_blocks_candidate	method	tests/test_offline_candidate_and_resolver.py	41	CandidateLocatorTests
test_eligible_candidate_offline	method	tests/test_offline_candidate_and_resolver.py	62	CandidateLocatorTests
test_candidate_report_generation	method	tests/test_offline_candidate_and_resolver.py	83	CandidateLocatorTests
MaterialResolverTests	class	tests/test_offline_candidate_and_resolver.py	105	-
test_exact_code_with_stock_succeeds	method	tests/test_offline_candidate_and_resolver.py	106	MaterialResolverTests
test_zero_stock_blocks	method	tests/test_offline_candidate_and_resolver.py	115	MaterialResolverTests
test_22056408_never_treated_as_tape	method	tests/test_offline_candidate_and_resolver.py	123	MaterialResolverTests
test_verified_group_substitution	method	tests/test_offline_candidate_and_resolver.py	131	MaterialResolverTests
test_audit_equivalence_groups_unverified	method	tests/test_offline_candidate_and_resolver.py	140	MaterialResolverTests
OperationScopeTests	class	tests/test_operation_scope.py	27	-
setUp	method	tests/test_operation_scope.py	28	OperationScopeTests
scope	method	tests/test_operation_scope.py	33	OperationScopeTests
identity	method	tests/test_operation_scope.py	40	OperationScopeTests
snapshot	method	tests/test_operation_scope.py	49	OperationScopeTests
response	method	tests/test_operation_scope.py	72	OperationScopeTests
approved_plan	method	tests/test_operation_scope.py	86	OperationScopeTests
test_01_old_project_identity_is_refused	method	tests/test_operation_scope.py	100	OperationScopeTests
test_02_wrong_directory_is_refused	method	tests/test_operation_scope.py	113	OperationScopeTests
test_configured_production_root_is_accepted	method	tests/test_operation_scope.py	126	OperationScopeTests
test_03_ntl_cannot_process_recife	method	tests/test_operation_scope.py	137	OperationScopeTests
test_04_pwm_cannot_process_recife	method	tests/test_operation_scope.py	141	OperationScopeTests
test_05_jcr_cannot_process_natal	method	tests/test_operation_scope.py	145	OperationScopeTests
test_06_ftz_cannot_process_natal	method	tests/test_operation_scope.py	149	OperationScopeTests
test_07_mro_cannot_process_fortaleza	method	tests/test_operation_scope.py	153	OperationScopeTests
test_08_unknown_import_prefix_is_blocked	method	tests/test_operation_scope.py	157	OperationScopeTests
test_09_same_contract_in_different_profiles_is_isolated	method	tests/test_operation_scope.py	161	OperationScopeTests
test_10_same_contract_with_different_activities_is_isolated	method	tests/test_operation_scope.py	177	OperationScopeTests
test_11_natal_cache_cannot_be_reused_as_recife	method	tests/test_operation_scope.py	187	OperationScopeTests
test_12_recife_list_with_natal_profile_is_blocked	method	tests/test_operation_scope.py	201	OperationScopeTests
test_13_natal_recife_natal_refresh_keeps_exact_context	method	tests/test_operation_scope.py	213	OperationScopeTests
test_14_open_order_closed_with_430_before_preflight_is_blocked	method	tests/test_operation_scope.py	240	OperationScopeTests
test_15_closed_430_never_reaches_106_writer	method	tests/test_operation_scope.py	265	OperationScopeTests
test_16_imperium_closed_dominium_open_requires_reconciliation	method	tests/test_operation_scope.py	291	OperationScopeTests
test_17_changed_snapshot_is_stale	method	tests/test_operation_scope.py	314	OperationScopeTests
test_18_missing_activity_id_is_blocked	method	tests/test_operation_scope.py	332	OperationScopeTests
test_19_update_by_contract_is_rejected	method	tests/test_operation_scope.py	336	OperationScopeTests
test_20_update_by_table_index_is_rejected	method	tests/test_operation_scope.py	343	OperationScopeTests
test_21_movement_with_different_final_code_is_inconsistent	method	tests/test_operation_scope.py	350	OperationScopeTests
test_22_reexecution_of_finalized_identity_is_reconciled	method	tests/test_operation_scope.py	378	OperationScopeTests
test_23_simultaneous_city_batches_remain_distinct	method	tests/test_operation_scope.py	394	OperationScopeTests
test_24_state_does_not_leak_between_coordinators	method	tests/test_operation_scope.py	400	OperationScopeTests
test_25_payload_with_another_city_is_rejected	method	tests/test_operation_scope.py	414	OperationScopeTests
test_26_failed_preflight_prevents_all_write_calls	method	tests/test_operation_scope.py	430	OperationScopeTests
test_27_changed_import_file_is_blocked	method	tests/test_operation_scope.py	452	OperationScopeTests
test_28_ntl_cannot_dynamically_switch_to_recife	method	tests/test_operation_scope.py	457	OperationScopeTests
test_29_plan_from_another_batch_is_blocked	method	tests/test_operation_scope.py	466	OperationScopeTests
test_30_interleaving_natal_recife_fortaleza_is_isolated	method	tests/test_operation_scope.py	480	OperationScopeTests
test_state_hash_is_deterministic_for_collection_order	method	tests/test_operation_scope.py	512	OperationScopeTests
test_forged_import_scope_mapping_is_rejected	method	tests/test_operation_scope.py	528	OperationScopeTests
test_snapshot_cannot_be_used_with_an_unrelated_registered_batch	method	tests/test_operation_scope.py	534	OperationScopeTests
test_plan_with_another_approved_hash_is_stale	method	tests/test_operation_scope.py	550	OperationScopeTests
OperationalStoreTests	class	tests/test_operational_store.py	9	-
setUp	method	tests/test_operational_store.py	10	OperationalStoreTests
tearDown	method	tests/test_operational_store.py	15	OperationalStoreTests
test_combines_toa_inventory_orders_and_close_attempt	method	tests/test_operational_store.py	18	OperationalStoreTests
test_order_by_id_os_returns_only_requested_imperium_row	method	tests/test_operational_store.py	71	OperationalStoreTests
FakeAPI	class	tests/test_operations_intelligence.py	16	-
__init__	method	tests/test_operations_intelligence.py	19	FakeAPI
status	method	tests/test_operations_intelligence.py	22	FakeAPI
list_stock_technicians	method	tests/test_operations_intelligence.py	27	FakeAPI
technician_stocks	method	tests/test_operations_intelligence.py	43	FakeAPI
OperationsIntelligenceTests	class	tests/test_operations_intelligence.py	59	-
setUp	method	tests/test_operations_intelligence.py	60	OperationsIntelligenceTests
profile	method	tests/test_operations_intelligence.py	65	OperationsIntelligenceTests
test_snapshot_consolidates_bases_and_technicians	method	tests/test_operations_intelligence.py	79	OperationsIntelligenceTests
test_health_check_reports_each_base_without_raising	method	tests/test_operations_intelligence.py	137	OperationsIntelligenceTests
test_serial_audit_flags_owner_different_from_assigned_technician	method	tests/test_operations_intelligence.py	152	OperationsIntelligenceTests
_cleanup_temp_dbs	function	tests/test_registration_flow.py	21	-
_make_store	function	tests/test_registration_flow.py	32	-
_bootstrap_admin	function	tests/test_registration_flow.py	40	-
TestRegisterBasic	class	tests/test_registration_flow.py	50	-
setUp	method	tests/test_registration_flow.py	53	TestRegisterBasic
test_bootstrap_creates_active_admin	method	tests/test_registration_flow.py	58	TestRegisterBasic
test_regular_register_pending	method	tests/test_registration_flow.py	63	TestRegisterBasic
test_register_display_name	method	tests/test_registration_flow.py	71	TestRegisterBasic
test_register_contact_email_stored	method	tests/test_registration_flow.py	78	TestRegisterBasic
test_register_invalid_email_rejected	method	tests/test_registration_flow.py	86	TestRegisterBasic
test_register_no_email_ok	method	tests/test_registration_flow.py	94	TestRegisterBasic
test_register_duplicate_username	method	tests/test_registration_flow.py	103	TestRegisterBasic
test_register_short_username	method	tests/test_registration_flow.py	109	TestRegisterBasic
test_register_short_password	method	tests/test_registration_flow.py	114	TestRegisterBasic
test_register_short_display_name	method	tests/test_registration_flow.py	119	TestRegisterBasic
TestLoginBlocking	class	tests/test_registration_flow.py	124	-
setUp	method	tests/test_registration_flow.py	127	TestLoginBlocking
_get_admin	method	tests/test_registration_flow.py	134	TestLoginBlocking
test_pending_user_cannot_login	method	tests/test_registration_flow.py	139	TestLoginBlocking
test_rejected_user_cannot_login	method	tests/test_registration_flow.py	144	TestLoginBlocking
test_active_admin_can_login	method	tests/test_registration_flow.py	151	TestLoginBlocking
TestApproveFlow	class	tests/test_registration_flow.py	156	-
setUp	method	tests/test_registration_flow.py	159	TestApproveFlow
test_approve_as_viewer	method	tests/test_registration_flow.py	167	TestApproveFlow
test_approve_as_controller	method	tests/test_registration_flow.py	176	TestApproveFlow
test_approve_as_admin	method	tests/test_registration_flow.py	183	TestApproveFlow
test_double_approve_raises_error	method	tests/test_registration_flow.py	190	TestApproveFlow
test_approve_invalid_role	method	tests/test_registration_flow.py	196	TestApproveFlow
test_approve_records_approved_by	method	tests/test_registration_flow.py	201	TestApproveFlow
test_approved_user_can_login	method	tests/test_registration_flow.py	213	TestApproveFlow
TestRejectFlow	class	tests/test_registration_flow.py	219	-
setUp	method	tests/test_registration_flow.py	222	TestRejectFlow
test_reject_no_reason	method	tests/test_registration_flow.py	230	TestRejectFlow
test_reject_with_reason	method	tests/test_registration_flow.py	236	TestRejectFlow
test_double_reject_raises_error	method	tests/test_registration_flow.py	243	TestRejectFlow
test_reject_active_user_raises_error	method	tests/test_registration_flow.py	249	TestRejectFlow
test_reject_reason_truncated	method	tests/test_registration_flow.py	255	TestRejectFlow
test_rejected_user_in_list	method	tests/test_registration_flow.py	263	TestRejectFlow
test_rejected_at_is_iso	method	tests/test_registration_flow.py	270	TestRejectFlow
TestContactEmail	class	tests/test_registration_flow.py	277	-
setUp	method	tests/test_registration_flow.py	280	TestContactEmail
test_contact_email_not_auth_credential	method	tests/test_registration_flow.py	285	TestContactEmail
test_contact_email_stripped	method	tests/test_registration_flow.py	296	TestContactEmail
extractFunction	function	tests/test_semiauto_frontend.js	17	-
normalize	function	tests/test_semiauto_frontend.js	32	-
normalize	function	tests/test_semiauto_frontend.js	223	-
normalize	function	tests/test_semiauto_frontend.js	242	-
semiAutoRouteMatchesJob	function	tests/test_semiauto_frontend.js	269	-
disconnectActivityComplete	function	tests/test_semiauto_frontend.js	270	-
disconnectTaskExecuted	function	tests/test_semiauto_frontend.js	271	-
toaLiveImperiumMatch	function	tests/test_semiauto_frontend.js	272	-
semiAutoAssignMaterialOwners	function	tests/test_semiauto_frontend.js	275	-
semiAutoEquipmentSerial	function	tests/test_semiauto_frontend.js	297	-
semiAutoCandidateEquipmentPlan	function	tests/test_semiauto_frontend.js	298	-
normalize	function	tests/test_semiauto_frontend.js	339	-
toaLiveMaterialIdentity	function	tests/test_semiauto_frontend.js	342	-
semiAutoUpdateExistingDraft	function	tests/test_semiauto_frontend.js	451	-
normalize	function	tests/test_semiauto_frontend.js	464	-
automationProviderLabel	function	tests/test_semiauto_frontend.js	494	-
disconnectQueueItemHasAdmScope	function	tests/test_semiauto_frontend.js	495	-
normalize	function	tests/test_semiauto_frontend.js	500	-
disconnectActivityComplete	function	tests/test_semiauto_frontend.js	503	-
captured_values	function	tests/test_serialized_transfer.py	18	-
SerializedTransferProtocolTests	class	tests/test_serialized_transfer.py	41	-
setUp	method	tests/test_serialized_transfer.py	42	SerializedTransferProtocolTests
test_reconstructs_the_official_captured_packet_exactly	method	tests/test_serialized_transfer.py	47	SerializedTransferProtocolTests
test_resizes_strings_and_updates_all_packet_lengths	method	tests/test_serialized_transfer.py	59	SerializedTransferProtocolTests
test_rejects_an_incomplete_transfer	method	tests/test_serialized_transfer.py	96	SerializedTransferProtocolTests
SerializedTransferAPITests	class	tests/test_serialized_transfer.py	104	-
setUp	method	tests/test_serialized_transfer.py	105	SerializedTransferAPITests
_patch_transfer	method	tests/test_serialized_transfer.py	171	SerializedTransferAPITests
test_sends_each_write_once_and_requires_stock_confirmation	method	tests/test_serialized_transfer.py	198	SerializedTransferAPITests
test_timeout_is_success_only_when_the_target_stock_confirms	method	tests/test_serialized_transfer.py	215	SerializedTransferAPITests
test_unconfirmed_timeout_is_never_repeated	method	tests/test_serialized_transfer.py	228	SerializedTransferAPITests
Close404Tests	class	tests/test_serialized_transfer.py	254	-
setUp	method	tests/test_serialized_transfer.py	255	Close404Tests
test_404_requires_and_embeds_a_runtime_observation	method	tests/test_serialized_transfer.py	258	Close404Tests
test_404_rejects_an_empty_observation	method	tests/test_serialized_transfer.py	273	Close404Tests
short	function	tests/test_stock_inventory.py	15	-
StockInventoryTests	class	tests/test_stock_inventory.py	20	-
test_protocol_replaces_stock_id_without_changing_packet_size	method	tests/test_stock_inventory.py	21	StockInventoryTests
test_parse_technician_stock_mapping	method	tests/test_stock_inventory.py	30	StockInventoryTests
test_parse_items_and_attach_serial	method	tests/test_stock_inventory.py	51	StockInventoryTests
StockPDFTests	class	tests/test_stock_pdf.py	7	-
stock	method	tests/test_stock_pdf.py	9	StockPDFTests
test_generates_valid_pdf_with_one_page_per_technician	method	tests/test_stock_pdf.py	44	StockPDFTests
test_zero_items_are_optional	method	tests/test_stock_pdf.py	53	StockPDFTests
test_filename_is_safe_for_download	method	tests/test_stock_pdf.py	61	StockPDFTests
SupabaseSDKCompatibilityTests	class	tests/test_supabase_sdk_compat.py	13	-
test_store_initializes_with_current_sync_client_options	method	tests/test_supabase_sdk_compat.py	14	SupabaseSDKCompatibilityTests
TechnicianDirectoryTests	class	tests/test_technician_directory.py	13	-
test_resolves_login_and_enriches_preview_without_changing_protocol_value	method	tests/test_technician_directory.py	14	TechnicianDirectoryTests
test_public_payload_never_contains_credentials	method	tests/test_technician_directory.py	50	TechnicianDirectoryTests
test_exposes_sanitized_toa_identity_for_new_technicians	method	tests/test_technician_directory.py	77	TechnicianDirectoryTests
test_toa_context_resolves_login_but_marks_its_source	method	tests/test_technician_directory.py	114	TechnicianDirectoryTests
TOAAgendaTests	class	tests/test_toa_agenda.py	8	-
csv_bytes	method	tests/test_toa_agenda.py	10	TOAAgendaTests
test_blank_contracts_are_ignored_without_fixed_start_row	method	tests/test_toa_agenda.py	16	TOAAgendaTests
test_contracts_are_deduplicated_and_sorted_by_window_end	method	tests/test_toa_agenda.py	39	TOAAgendaTests
FakeExporter	class	tests/test_toa_automation.py	11	-
__init__	method	tests/test_toa_automation.py	12	FakeExporter
__enter__	method	tests/test_toa_automation.py	16	FakeExporter
__exit__	method	tests/test_toa_automation.py	20	FakeExporter
export_route	method	tests/test_toa_automation.py	23	FakeExporter
TOAAutomationScheduleTests	class	tests/test_toa_automation.py	29	-
test_daily_schedule_uses_the_current_operational_times	method	tests/test_toa_automation.py	30	TOAAutomationScheduleTests
test_bucket_collection_covers_the_full_day_every_five_minutes	method	tests/test_toa_automation.py	33	TOAAutomationScheduleTests
BlockingExporter	class	tests/test_toa_automation.py	39	-
export_route	method	tests/test_toa_automation.py	42	BlockingExporter
TOAAutomationTests	class	tests/test_toa_automation.py	47	-
test_route_error_does_not_stop_the_remaining_routes	method	tests/test_toa_automation.py	48	TOAAutomationTests
test_custom_storage_names_isolate_bucket_collection	method	tests/test_toa_automation.py	85	TOAAutomationTests
test_second_trigger_is_rejected_while_worker_is_running	method	tests/test_toa_automation.py	112	TOAAutomationTests
test_scheduled_slot_is_consumed_when_another_collection_is_already_running	method	tests/test_toa_automation.py	129	TOAAutomationTests
test_recent_completed_collection_covers_next_scheduled_slot	method	tests/test_toa_automation.py	148	TOAAutomationTests
test_bucket_collection_header_only_is_read_only_empty_snapshot	method	tests/test_toa_automation.py	171	TOAAutomationTests
test_header_only_csv_is_valid_empty_route_and_never_reaches_imperium	method	tests/test_toa_automation.py	190	TOAAutomationTests
_Element	class	tests/test_toa_browser.py	8	-
__init__	method	tests/test_toa_browser.py	9	_Element
is_displayed	method	tests/test_toa_browser.py	13	_Element
_Driver	class	tests/test_toa_browser.py	17	-
__init__	method	tests/test_toa_browser.py	18	_Driver
find_element	method	tests/test_toa_browser.py	23	_Driver
TOABrowserAuthenticationTests	class	tests/test_toa_browser.py	33	-
test_activity_details_page_is_authenticated	method	tests/test_toa_browser.py	34	TOABrowserAuthenticationTests
test_allocation_console_is_authenticated	method	tests/test_toa_browser.py	41	TOABrowserAuthenticationTests
test_login_page_is_not_authenticated	method	tests/test_toa_browser.py	48	TOABrowserAuthenticationTests
test_untrusted_host_is_not_authenticated	method	tests/test_toa_browser.py	56	TOABrowserAuthenticationTests
fixture_cases	function	tests/test_toa_capture.py	27	-
entry_from_case	function	tests/test_toa_capture.py	33	-
lot_payload	function	tests/test_toa_capture.py	78	-
TOACaptureFixtureTests	class	tests/test_toa_capture.py	92	-
setUp	method	tests/test_toa_capture.py	93	TOACaptureFixtureTests
test_all_six_approved_cases_keep_the_expected_decision	method	tests/test_toa_capture.py	96	TOACaptureFixtureTests
test_productive_installation_separates_equipment_and_materials	method	tests/test_toa_capture.py	114	TOACaptureFixtureTests
test_swap_separates_install_deinstall_and_customer	method	tests/test_toa_capture.py	127	TOACaptureFixtureTests
test_material_quantities_are_preserved_exactly	method	tests/test_toa_capture.py	138	TOACaptureFixtureTests
test_improductive_case_never_moves_inventory	method	tests/test_toa_capture.py	149	TOACaptureFixtureTests
test_productive_disconnection_is_not_blocked_only_by_its_type	method	tests/test_toa_capture.py	161	TOACaptureFixtureTests
test_incomplete_case_requires_manual_review	method	tests/test_toa_capture.py	176	TOACaptureFixtureTests
TOACaptureConflictTests	class	tests/test_toa_capture.py	188	-
setUp	method	tests/test_toa_capture.py	189	TOACaptureConflictTests
normalize	method	tests/test_toa_capture.py	192	TOACaptureConflictTests
test_aid_conflict_forces_manual_review	method	tests/test_toa_capture.py	195	TOACaptureConflictTests
test_contract_conflict_forces_manual_review	method	tests/test_toa_capture.py	204	TOACaptureConflictTests
test_foreign_inventory_is_rejected_and_not_normalized	method	tests/test_toa_capture.py	213	TOACaptureConflictTests
test_foreign_form_forces_manual_review	method	tests/test_toa_capture.py	230	TOACaptureConflictTests
test_integration_error_in_summary_forces_manual_review	method	tests/test_toa_capture.py	245	TOACaptureConflictTests
test_duplicate_aid_is_refused_at_lot_boundary	method	tests/test_toa_capture.py	257	TOACaptureConflictTests
test_bad_version_is_refused	method	tests/test_toa_capture.py	261	TOACaptureConflictTests
test_tasks_are_keyed_by_index_and_os_number	method	tests/test_toa_capture.py	268	TOACaptureConflictTests
TOACaptureScheduledDateTests	class	tests/test_toa_capture.py	284	-
_make_entry	method	tests/test_toa_capture.py	287	TOACaptureScheduledDateTests
_normalize	method	tests/test_toa_capture.py	329	TOACaptureScheduledDateTests
test_scheduled_date_extracted_from_start_time	method	tests/test_toa_capture.py	333	TOACaptureScheduledDateTests
test_scheduled_date_fallback_to_end_time_when_no_start_time	method	tests/test_toa_capture.py	337	TOACaptureScheduledDateTests
test_scheduled_date_empty_when_no_date_field_present	method	tests/test_toa_capture.py	341	TOACaptureScheduledDateTests
test_technician_observation_is_preserved_from_toa_activity	method	tests/test_toa_capture.py	345	TOACaptureScheduledDateTests
TOACaptureIntegrationTests	class	tests/test_toa_capture.py	353	-
test_contract_parser_normalizes_separators_and_duplicates	method	tests/test_toa_capture.py	354	TOACaptureIntegrationTests
test_indexes_by_aid_and_contract	method	tests/test_toa_capture.py	360	TOACaptureIntegrationTests
test_cli_prints_sanitized_dry_run_and_missing_contract	method	tests/test_toa_capture.py	368	TOACaptureIntegrationTests
test_real_526_aid_lot_is_read_without_identity_contamination	method	tests/test_toa_capture.py	393	TOACaptureIntegrationTests
test_module_imports_only_standard_library_read_side_dependencies	method	tests/test_toa_capture.py	419	TOACaptureIntegrationTests
TOACaptureCatalogTests	class	tests/test_toa_capture_panel.py	12	-
setUp	method	tests/test_toa_capture_panel.py	13	TOACaptureCatalogTests
_state_with_reference_lot	method	tests/test_toa_capture_panel.py	16	TOACaptureCatalogTests
test_lists_only_valid_v56_lots	method	tests/test_toa_capture_panel.py	22	TOACaptureCatalogTests
test_analyze_returns_normalized_read_only_results	method	tests/test_toa_capture_panel.py	32	TOACaptureCatalogTests
test_unknown_file_key_is_refused	method	tests/test_toa_capture_panel.py	48	TOACaptureCatalogTests
test_panel_adapter_has_no_imperium_or_network_dependency	method	tests/test_toa_capture_panel.py	52	TOACaptureCatalogTests
FakeCloudClient	class	tests/test_toa_cloud_client.py	6	-
__init__	method	tests/test_toa_cloud_client.py	7	FakeCloudClient
_request	method	tests/test_toa_cloud_client.py	17	FakeCloudClient
TOACloudClientTests	class	tests/test_toa_cloud_client.py	25	-
test_lookup_creates_job_and_returns_sanitized_snapshot	method	tests/test_toa_cloud_client.py	26	TOACloudClientTests
test_failed_job_is_reported_without_exposing_token	method	tests/test_toa_cloud_client.py	44	TOACloudClientTests
test_create_timeout_reuses_the_same_idempotency_key	method	tests/test_toa_cloud_client.py	54	TOACloudClientTests
_live_result	function	tests/test_toa_connector.py	10	-
TOAConnectorTests	class	tests/test_toa_connector.py	63	-
setUp	method	tests/test_toa_connector.py	64	TOAConnectorTests
tearDown	method	tests/test_toa_connector.py	75	TOAConnectorTests
test_live_lookup_is_sanitized_and_cached	method	tests/test_toa_connector.py	78	TOAConnectorTests
test_live_failure_falls_back_to_sanitized_cache	method	tests/test_toa_connector.py	94	TOAConnectorTests
test_stale_can_be_refused	method	tests/test_toa_connector.py	105	TOAConnectorTests
test_rejects_invalid_contract_before_live_access	method	tests/test_toa_connector.py	111	TOAConnectorTests
test_cloud_bridge_is_preferred_and_preserves_inventory	method	tests/test_toa_connector.py	116	TOAConnectorTests
FakeOrder	class	tests/test_toa_contract_registry.py	15	-
FakePreview	class	tests/test_toa_contract_registry.py	34	-
TOAContractRegistryTests	class	tests/test_toa_contract_registry.py	38	-
setUp	method	tests/test_toa_contract_registry.py	39	TOAContractRegistryTests
tearDown	method	tests/test_toa_contract_registry.py	44	TOAContractRegistryTests
test_windows_are_assigned_to_the_next_review_slot	method	tests/test_toa_contract_registry.py	47	TOAContractRegistryTests
test_preview_is_persisted_and_deduplicated_by_contract_and_date	method	tests/test_toa_contract_registry.py	53	TOAContractRegistryTests
test_later_bucket_collection_adds_new_contract_without_resetting_existing_state	method	tests/test_toa_contract_registry.py	94	TOAContractRegistryTests
test_two_digit_csv_date_is_preserved	method	tests/test_toa_contract_registry.py	144	TOAContractRegistryTests
test_registry_can_filter_by_review_slot	method	tests/test_toa_contract_registry.py	160	TOAContractRegistryTests
test_agenda_replacement_preserves_complete_toa_records	method	tests/test_toa_contract_registry.py	172	TOAContractRegistryTests
test_service_id_requires_exact_unique_service_name	method	tests/test_toa_contract_registry.py	218	TOAContractRegistryTests
TOADatalakeStoreTests	class	tests/test_toa_datalake_store.py	8	-
setUp	method	tests/test_toa_datalake_store.py	9	TOADatalakeStoreTests
tearDown	method	tests/test_toa_datalake_store.py	13	TOADatalakeStoreTests
test_incremental_detail_and_inventory	method	tests/test_toa_datalake_store.py	16	TOADatalakeStoreTests
test_feed_preserves_profile_and_os	method	tests/test_toa_datalake_store.py	44	TOADatalakeStoreTests
TOADiscoveryBrowserTests	class	tests/test_toa_discovery_browser.py	7	-
test_paths_are_isolated_and_manifest_exists	method	tests/test_toa_discovery_browser.py	8	TOADiscoveryBrowserTests
test_reuses_existing_discovery_browser	method	tests/test_toa_discovery_browser.py	14	TOADiscoveryBrowserTests
TOAImportTests	class	tests/test_toa_import.py	14	-
_complete_csv	method	tests/test_toa_import.py	16	TOAImportTests
test_expands_repeated_os_columns_and_ignores_control_rows	method	tests/test_toa_import.py	28	TOAImportTests
test_rejects_non_toa_csv	method	tests/test_toa_import.py	52	TOAImportTests
test_reads_meal_timeline_and_inherits_previous_technician	method	tests/test_toa_import.py	56	TOAImportTests
test_builds_the_same_xml_shape_used_by_the_official_client	method	tests/test_toa_import.py	79	TOAImportTests
test_protocol_packet_chunks_and_parses_row_status	method	tests/test_toa_import.py	91	TOAImportTests
test_packet_uses_a_captured_official_datasnap_chunk_boundary	method	tests/test_toa_import.py	129	TOAImportTests
test_result_length_is_only_enforced_for_a_short_fragment	method	tests/test_toa_import.py	158	TOAImportTests
test_parses_the_observed_125_row_result_without_losing_orders	method	tests/test_toa_import.py	170	TOAImportTests
test_single_chunk_includes_transport_trailer_and_valid_prefix	method	tests/test_toa_import.py	222	TOAImportTests
test_ignores_cancelled_and_suspended_activities_and_records_exclusions	method	tests/test_toa_import.py	235	TOAImportTests
test_unpacks_valid_zip_containing_csv	method	tests/test_toa_import.py	257	TOAImportTests
test_rejects_gravador_imperium_capture_zip_with_clear_message	method	tests/test_toa_import.py	269	TOAImportTests
test_raises_when_all_orders_are_cancelled	method	tests/test_toa_import.py	280	TOAImportTests
TOAInventoryTests	class	tests/test_toa_inventory.py	7	-
response	method	tests/test_toa_inventory.py	9	TOAInventoryTests
test_parses_inventory_even_when_the_outer_json_is_invalid	method	tests/test_toa_inventory.py	48	TOAInventoryTests
test_rejects_missing_inventory	method	tests/test_toa_inventory.py	65	TOAInventoryTests
test_parses_copied_toa_table_and_keeps_points	method	tests/test_toa_inventory.py	69	TOAInventoryTests
_ScriptDriver	class	tests/test_toa_live.py	14	-
__init__	method	tests/test_toa_live.py	15	_ScriptDriver
execute_script	method	tests/test_toa_live.py	18	_ScriptDriver
TOALiveCaptureTests	class	tests/test_toa_live.py	22	-
test_monitor_is_passive_and_never_opens_browser	method	tests/test_toa_live.py	23	TOALiveCaptureTests
test_monitor_reattaches_existing_automation_browser_without_launch	method	tests/test_toa_live.py	38	TOALiveCaptureTests
test_monitor_does_not_launch_when_automation_browser_is_absent	method	tests/test_toa_live.py	59	TOALiveCaptureTests
test_monitor_recovers_disconnected_driver_immediately	method	tests/test_toa_live.py	69	TOALiveCaptureTests
test_lookup_requires_operator_opened_session	method	tests/test_toa_live.py	93	TOALiveCaptureTests
test_readonly_script_recovers_disconnected_driver_once	method	tests/test_toa_live.py	101	TOALiveCaptureTests
test_open_session_rejects_empty_credentials_without_opening_browser	method	tests/test_toa_live.py	124	TOALiveCaptureTests
test_open_session_uses_supplied_credentials_without_persisting_them	method	tests/test_toa_live.py	133	TOALiveCaptureTests
test_open_session_uses_duo_entrance_when_selected	method	tests/test_toa_live.py	166	TOALiveCaptureTests
test_open_session_rejects_unknown_access_mode	method	tests/test_toa_live.py	187	TOALiveCaptureTests
test_monitor_tolerates_one_transient_authentication_miss	method	tests/test_toa_live.py	196	TOALiveCaptureTests
test_monitor_marks_offline_after_consecutive_authentication_misses	method	tests/test_toa_live.py	213	TOALiveCaptureTests
test_monitor_marks_visible_login_offline_immediately	method	tests/test_toa_live.py	231	TOALiveCaptureTests
test_lookup_session_rechecks_transient_page_transition	method	tests/test_toa_live.py	246	TOALiveCaptureTests
test_lookup_recovers_disconnect_and_retries_once	method	tests/test_toa_live.py	261	TOALiveCaptureTests
test_extracts_only_requested_contract_and_normalizes	method	tests/test_toa_live.py	298	TOALiveCaptureTests
test_rejects_missing_contract	method	tests/test_toa_live.py	358	TOALiveCaptureTests
test_live_lookup_clears_only_visual_queue_before_adding_contract	method	tests/test_toa_live.py	362	TOALiveCaptureTests
CloudSnapshotLookupTests	class	tests/test_toa_live.py	376	-
test_productive_with_materials	method	tests/test_toa_live.py	377	CloudSnapshotLookupTests
test_disconnect_materials_not_applicable	method	tests/test_toa_live.py	405	CloudSnapshotLookupTests
test_incomplete_materials_blocks_decision	method	tests/test_toa_live.py	424	CloudSnapshotLookupTests
TOALiveLookupTests	class	tests/test_toa_live_lookup.py	21	-
test_registry_completes_all_contract_os_without_duplicating_live_tasks	method	tests/test_toa_live_lookup.py	22	TOALiveLookupTests
test_registry_does_not_infer_706_for_another_service	method	tests/test_toa_live_lookup.py	46	TOALiveLookupTests
test_registry_replaces_collector_dash_with_chip_close_code	method	tests/test_toa_live_lookup.py	54	TOALiveLookupTests
test_live_lookup_lists_three_contract_os_and_marks_only_active_rows	method	tests/test_toa_live_lookup.py	71	TOALiveLookupTests
test_live_lookup_refreshes_field_cache_when_toa_os_is_missing	method	tests/test_toa_live_lookup.py	132	TOALiveLookupTests
test_live_lookup_does_not_use_stale_cache_when_imperium_is_busy	method	tests/test_toa_live_lookup.py	178	TOALiveLookupTests
test_resolves_os_to_contract_from_current_profile	method	tests/test_toa_live_lookup.py	236	TOALiveLookupTests
test_accepts_contract_when_it_is_not_an_os	method	tests/test_toa_live_lookup.py	249	TOALiveLookupTests
test_rejects_unresolved_os_instead_of_searching_it_as_contract	method	tests/test_toa_live_lookup.py	259	TOALiveLookupTests
test_broad_disconnection_uses_current_operational_window	method	tests/test_toa_live_lookup.py	268	TOALiveLookupTests
test_exact_contract_and_os_uses_current_imperium_manual_scope	method	tests/test_toa_live_lookup.py	304	TOALiveLookupTests
test_inventory_ledger_upserts_activity_without_duplicates	method	tests/test_toa_live_lookup.py	342	TOALiveLookupTests
test_historical_imperium_order_becomes_scoped_manual_match	method	tests/test_toa_live_lookup.py	373	TOALiveLookupTests
FakeLive	class	tests/test_toa_local_collector.py	6	-
public_state	method	tests/test_toa_local_collector.py	7	FakeLive
execute_readonly_script	method	tests/test_toa_local_collector.py	10	FakeLive
FakeDatalake	class	tests/test_toa_local_collector.py	29	-
__init__	method	tests/test_toa_local_collector.py	32	FakeDatalake
ingest	method	tests/test_toa_local_collector.py	35	FakeDatalake
TOALocalCollectorTests	class	tests/test_toa_local_collector.py	40	-
test_clock_and_window	method	tests/test_toa_local_collector.py	41	TOALocalCollectorTests
test_description_discards_customer_and_address	method	tests/test_toa_local_collector.py	45	TOALocalCollectorTests
test_collects_sanitized_operational_snapshot	method	tests/test_toa_local_collector.py	51	TOALocalCollectorTests
TOASecondarySessionTests	class	tests/test_toa_secondary_session.py	15	-
setUp	method	tests/test_toa_secondary_session.py	16	TOASecondarySessionTests
tearDown	method	tests/test_toa_secondary_session.py	21	TOASecondarySessionTests
_busy_result	method	tests/test_toa_secondary_session.py	25	TOASecondarySessionTests
_ok_result	method	tests/test_toa_secondary_session.py	34	TOASecondarySessionTests
test_direct_lookup_retries_transient_busy_then_succeeds	method	tests/test_toa_secondary_session.py	42	TOASecondarySessionTests
test_direct_lookup_raises_specific_busy_after_retry_budget	method	tests/test_toa_secondary_session.py	57	TOASecondarySessionTests
TOAWorkerCacheTests	class	tests/test_toa_worker_cache.py	8	-
test_due_minute_respects_current_window	method	tests/test_toa_worker_cache.py	9	TOAWorkerCacheTests
test_today_bucket_status_prefilters_non_completed_contracts	method	tests/test_toa_worker_cache.py	30	TOAWorkerCacheTests
test_worker_reuses_completed_cache_for_24_hours_without_live_lookup	method	tests/test_toa_worker_cache.py	64	TOAWorkerCacheTests
test_worker_refreshes_non_completed_cache_after_short_ttl	method	tests/test_toa_worker_cache.py	87	TOAWorkerCacheTests
UIRuntimeRegressionTests	class	tests/test_ui_runtime_regression.py	6	-
test_impeccable_theme_is_loaded	method	tests/test_ui_runtime_regression.py	7	UIRuntimeRegressionTests
test_registration_ui_keeps_six_character_minimum	method	tests/test_ui_runtime_regression.py	12	UIRuntimeRegressionTests
test_auto_improductive_audit_drilldown_is_present	method	tests/test_ui_runtime_regression.py	17	UIRuntimeRegressionTests
test_auto_improductive_worker_only_scans_current_day	method	tests/test_ui_runtime_regression.py	28	UIRuntimeRegressionTests
test_blocked_audit_does_not_claim_closed_from_code_alone	method	tests/test_ui_runtime_regression.py	44	UIRuntimeRegressionTests
test_hostinger_runtime_exposes_registration_through_operational_backend	method	tests/test_ui_runtime_regression.py	55	UIRuntimeRegressionTests
WebAuthConfigTests	class	tests/test_web_auth_config.py	10	-
state	method	tests/test_web_auth_config.py	11	WebAuthConfigTests
test_web_mode_disables_public_bootstrap_and_registration_by_default	method	tests/test_web_auth_config.py	19	WebAuthConfigTests
test_web_registration_can_be_enabled_without_enabling_bootstrap	method	tests/test_web_auth_config.py	25	WebAuthConfigTests
test_local_mode_keeps_existing_first_user_bootstrap	method	tests/test_web_auth_config.py	34	WebAuthConfigTests
test_existing_users_never_report_bootstrap_required	method	tests/test_web_auth_config.py	39	WebAuthConfigTests
test_unauthenticated_bootstrap_endpoint_is_rejected	method	tests/test_web_auth_config.py	48	WebAuthConfigTests
test_unauthenticated_session_endpoint_remains_public	method	tests/test_web_auth_config.py	59	WebAuthConfigTests
test_static_backup_artifacts_are_never_served	method	tests/test_web_auth_config.py	70	WebAuthConfigTests
test_public_https_proxy_is_allowed_only_when_explicitly_trusted	method	tests/test_web_auth_config.py	83	WebAuthConfigTests
test_remote_peer_without_trusted_proxy_is_rejected	method	tests/test_web_auth_config.py	108	WebAuthConfigTests
test_trusted_proxy_context_uses_forwarded_client_ip	method	tests/test_web_auth_config.py	127	WebAuthConfigTests
test_remote_toa_origin_rejects_non_http_schemes	method	tests/test_web_auth_config.py	147	WebAuthConfigTests
test_forged_proxy_headers_without_shared_secret_are_rejected	method	tests/test_web_auth_config.py	162	WebAuthConfigTests
test_web_security_config_requires_strong_proxy_token	method	tests/test_web_auth_config.py	182	WebAuthConfigTests
test_web_security_config_rejects_placeholder_proxy_token	method	tests/test_web_auth_config.py	197	WebAuthConfigTests
test_web_security_config_accepts_hardened_proxy	method	tests/test_web_auth_config.py	212	WebAuthConfigTests
test_viewer_cannot_read_internal_diagnostics	method	tests/test_web_auth_config.py	226	WebAuthConfigTests
test_controller_can_read_internal_diagnostics	method	tests/test_web_auth_config.py	239	WebAuthConfigTests
bridgeTOADiscovery	function	toa-discovery/content.js	17	-
initTOADiscoveryCore	function	toa-discovery/core.js	17	-
buildCore	function	toa-discovery/core.js	30	-
normalizeKey	function	toa-discovery/core.js	94	-
isSensitiveKey	function	toa-discovery/core.js	102	-
scalarType	function	toa-discovery/core.js	108	-
operationalScalar	function	toa-discovery/core.js	114	-
sanitizeEndpoint	function	toa-discovery/core.js	125	-
parameterNames	function	toa-discovery/core.js	142	-
collectKeys	function	toa-discovery/core.js	159	-
parseJson	function	toa-discovery/core.js	185	-
schemaOf	function	toa-discovery/core.js	192	-
visit	function	toa-discovery/core.js	196	-
canonicalObject	function	toa-discovery/core.js	221	-
inferNumericId	function	toa-discovery/core.js	233	-
extractEntities	function	toa-discovery/core.js	243	-
store	function	toa-discovery/core.js	252	-
visit	function	toa-discovery/core.js	257	-
parseResourceHint	function	toa-discovery/core.js	379	-
read	function	toa-discovery/core.js	394	-
labelValue	function	toa-discovery/core.js	404	-
categoryFor	function	toa-discovery/core.js	426	-
summarizeExchange	function	toa-discovery/core.js	444	-
collectResourceCandidates	function	toa-discovery/core.js	483	-
add	function	toa-discovery/core.js	487	-
visit	function	toa-discovery/core.js	492	-
initTOADiscoveryExporter	function	toa-discovery/exporter.js	17	-
cleanValue	function	toa-discovery/exporter.js	22	-
publicDataset	function	toa-discovery/exporter.js	37	-
downloadBlob	function	toa-discovery/exporter.js	51	-
exportJson	function	toa-discovery/exporter.js	62	-
xml	function	toa-discovery/exporter.js	67	-
columnName	function	toa-discovery/exporter.js	77	-
sheetXml	function	toa-discovery/exporter.js	88	-
rowsFor	function	toa-discovery/exporter.js	105	-
workbookSheets	function	toa-discovery/exporter.js	114	-
bucketSheetName	function	toa-discovery/exporter.js	143	-
CRC_TABLE	function	toa-discovery/exporter.js	174	-
crc32	function	toa-discovery/exporter.js	184	-
u16	function	toa-discovery/exporter.js	190	-
u32	function	toa-discovery/exporter.js	194	-
concat	function	toa-discovery/exporter.js	198	-
dosDateTime	function	toa-discovery/exporter.js	206	-
zipStore	function	toa-discovery/exporter.js	214	-
createXlsx	function	toa-discovery/exporter.js	242	-
exportXlsx	function	toa-discovery/exporter.js	260	-
installTOADiscoveryHook	function	toa-discovery/page-hook.js	17	-
emit	function	toa-discovery/page-hook.js	50	-
absoluteUrl	function	toa-discovery/page-hook.js	56	-
headerMap	function	toa-discovery/page-hook.js	60	-
isHintProvider	function	toa-discovery/page-hook.js	74	-
rememberHintTemplate	function	toa-discovery/page-hook.js	82	-
analyzeExchange	function	toa-discovery/page-hook.js	99	-
toaDiscoveryFetch	function	toa-discovery/page-hook.js	123	-
toaDiscoveryOpen	function	toa-discovery/page-hook.js	153	-
toaDiscoverySetHeader	function	toa-discovery/page-hook.js	158	-
toaDiscoverySend	function	toa-discovery/page-hook.js	170	-
toaDiscoveryXHRLoad	function	toa-discovery/page-hook.js	175	-
registerCandidates	function	toa-discovery/page-hook.js	230	-
cleanResourceName	function	toa-discovery/page-hook.js	260	-
resourceNameFromElement	function	toa-discovery/page-hook.js	269	-
scanDOM	function	toa-discovery/page-hook.js	282	-
appendEntities	function	toa-discovery/page-hook.js	285	-
scanKnownModels	function	toa-discovery/page-hook.js	333	-
cleanBucketLabel	function	toa-discovery/page-hook.js	349	-
detectCurrentBucket	function	toa-discovery/page-hook.js	355	-
emitBucketContext	function	toa-discovery/page-hook.js	378	-
scanCurrentBucketSources	function	toa-discovery/page-hook.js	387	-
scanStorage	function	toa-discovery/page-hook.js	395	-
scanAllSources	function	toa-discovery/page-hook.js	407	-
validateCandidate	function	toa-discovery/page-hook.js	419	-
validateAllCandidates	function	toa-discovery/page-hook.js	453	-
worker	function	toa-discovery/page-hook.js	460	-
scheduleValidation	function	toa-discovery/page-hook.js	481	-
visibleBucketTargets	function	toa-discovery/page-hook.js	489	-
fastBucketSweep	function	toa-discovery/page-hook.js	509	-
scheduleScan	function	toa-discovery/page-hook.js	585	-
byId	function	toa-discovery/popup.js	23	-
formatDate	function	toa-discovery/popup.js	25	-
render	function	toa-discovery/popup.js	30	-
load	function	toa-discovery/popup.js	62	-
command	function	toa-discovery/popup.js	67	-
emptyState	function	toa-discovery/service-worker.js	27	-
loadState	function	toa-discovery/service-worker.js	59	-
saveState	function	toa-discovery/service-worker.js	69	-
mergeByKey	function	toa-discovery/service-worker.js	74	-
mergeResources	function	toa-discovery/service-worker.js	85	-
bucketName	function	toa-discovery/service-worker.js	104	-
candidateResource	function	toa-discovery/service-worker.js	108	-
trackBucketResources	function	toa-discovery/service-worker.js	128	-
hydrateBuckets	function	toa-discovery/service-worker.js	135	-
saveBucketFromIds	function	toa-discovery/service-worker.js	145	-
mergeEndpoint	function	toa-discovery/service-worker.js	167	-
appendError	function	toa-discovery/service-worker.js	185	-
mergeSummary	function	toa-discovery/service-worker.js	197	-
enqueueMutation	function	toa-discovery/service-worker.js	215	-
forwardCommand	function	toa-discovery/service-worker.js	226	-
reloadToaTabs	function	toa-discovery/service-worker.js	240	-
_plain	function	toa_agenda.py	30	-
_text	function	toa_agenda.py	37	-
_contract	function	toa_agenda.py	47	-
_iso_date	function	toa_agenda.py	55	-
normalize_window	function	toa_agenda.py	67	-
_decode_csv	function	toa_agenda.py	88	-
_csv_rows	function	toa_agenda.py	97	-
_xlsx_rows	function	toa_agenda.py	104	-
_header_indexes	function	toa_agenda.py	120	-
_value	function	toa_agenda.py	154	-
parse_agenda	function	toa_agenda.py	158	-
TOAWebExporter	class	toa_automation.py	67	-
__init__	method	toa_automation.py	68	TOAWebExporter
__enter__	method	toa_automation.py	81	TOAWebExporter
__exit__	method	toa_automation.py	85	TOAWebExporter
open	method	toa_automation.py	88	TOAWebExporter
close	method	toa_automation.py	176	TOAWebExporter
available_routes	method	toa_automation.py	186	TOAWebExporter
reset_console	method	toa_automation.py	217	TOAWebExporter
export_route	method	toa_automation.py	238	TOAWebExporter
TOAExistingSessionExporter	class	toa_automation.py	303	-
__init__	method	toa_automation.py	306	TOAExistingSessionExporter
__enter__	method	toa_automation.py	318	TOAExistingSessionExporter
__exit__	method	toa_automation.py	326	TOAExistingSessionExporter
close	method	toa_automation.py	329	TOAExistingSessionExporter
reset_console	method	toa_automation.py	332	TOAExistingSessionExporter
_call	method	toa_automation.py	335	TOAExistingSessionExporter
available_routes	method	toa_automation.py	358	TOAExistingSessionExporter
export_route	method	toa_automation.py	378	TOAExistingSessionExporter
TOAAutomation	class	toa_automation.py	447	-
__init__	method	toa_automation.py	448	TOAAutomation
_load_slots	method	toa_automation.py	486	TOAAutomation
_persist_slots	method	toa_automation.py	494	TOAAutomation
_scheduled_slot_is_covered	method	toa_automation.py	511	TOAAutomation
_load_history	method	toa_automation.py	536	TOAAutomation
_append_history	method	toa_automation.py	551	TOAAutomation
start	method	toa_automation.py	558	TOAAutomation
stop	method	toa_automation.py	569	TOAAutomation
trigger	method	toa_automation.py	574	TOAAutomation
_scheduler_loop	method	toa_automation.py	594	TOAAutomation
_run	method	toa_automation.py	606	TOAAutomation
_next_run	method	toa_automation.py	692	TOAAutomation
public_state	method	toa_automation.py	703	TOAAutomation
_text	function	toa_bridge_server.py	53	-
_digits	function	toa_bridge_server.py	58	-
_list_of	function	toa_bridge_server.py	62	-
_convert_equipment_item	function	toa_bridge_server.py	68	-
_sync_payload_to_ingest	function	toa_bridge_server.py	81	-
_BridgeHandler	class	toa_bridge_server.py	196	-
log_message	method	toa_bridge_server.py	201	_BridgeHandler
_read_json	method	toa_bridge_server.py	204	_BridgeHandler
_send_json	method	toa_bridge_server.py	214	_BridgeHandler
_cors_preflight	method	toa_bridge_server.py	223	_BridgeHandler
do_OPTIONS	method	toa_bridge_server.py	231	_BridgeHandler
do_GET	method	toa_bridge_server.py	234	_BridgeHandler
do_POST	method	toa_bridge_server.py	243	_BridgeHandler
ToaBridgeServer	class	toa_bridge_server.py	264	-
__init__	method	toa_bridge_server.py	277	ToaBridgeServer
handle_sync	method	toa_bridge_server.py	286	ToaBridgeServer
handle_pending_lookup	method	toa_bridge_server.py	325	ToaBridgeServer
handle_ack_lookup	method	toa_bridge_server.py	344	ToaBridgeServer
start	method	toa_bridge_server.py	370	ToaBridgeServer
stop	method	toa_bridge_server.py	392	ToaBridgeServer
is_running	method	toa_bridge_server.py	401	ToaBridgeServer
_debug_port	function	toa_browser.py	43	-
_webdriver_service	function	toa_browser.py	54	-
create_driver	function	toa_browser.py	64	-
_debugger_running	function	toa_browser.py	108	-
debugger_running	function	toa_browser.py	120	-
close_browser	function	toa_browser.py	125	-
login_visible	function	toa_browser.py	132	-
authenticated	function	toa_browser.py	147	-
prefill_credentials	function	toa_browser.py	165	-
connect_interactively	function	toa_browser.py	181	-
CaptureSchemaError	class	toa_capture.py	61	-
NormalizedCapture	class	toa_capture.py	66	-
to_dict	method	toa_capture.py	96	NormalizedCapture
_text	function	toa_capture.py	100	-
_normalized_text	function	toa_capture.py	104	-
_unique	function	toa_capture.py	112	-
parse_contracts	function	toa_capture.py	122	-
_classify_codes	function	toa_capture.py	130	-
_task_key	function	toa_capture.py	146	-
_inventory_key	function	toa_capture.py	150	-
_form_key	function	toa_capture.py	161	-
_integration_error	function	toa_capture.py	171	-
_activity_date	function	toa_capture.py	181	-
_dedupe_dicts	function	toa_capture.py	189	-
_legacy_form_scope_is_safe	function	toa_capture.py	222	-
_decision	function	toa_capture.py	233	-
normalize_entry	function	toa_capture.py	315	-
TOACaptureLot	class	toa_capture.py	544	-
__init__	method	toa_capture.py	547	TOACaptureLot
from_path	method	toa_capture.py	571	TOACaptureLot
from_dict	method	toa_capture.py	582	TOACaptureLot
find_contract	method	toa_capture.py	644	TOACaptureLot
find_aid	method	toa_capture.py	647	TOACaptureLot
review_contracts	method	toa_capture.py	650	TOACaptureLot
_provider_label	function	toa_capture.py	672	-
_print_inventory	function	toa_capture.py	681	-
print_dry_run_report	function	toa_capture.py	698	-
_argument_parser	function	toa_capture.py	772	-
main	function	toa_capture.py	790	-
CaptureLotFile	class	toa_capture_panel.py	31	-
public_dict	method	toa_capture_panel.py	41	CaptureLotFile
TOACaptureCatalog	class	toa_capture_panel.py	53	-
__init__	method	toa_capture_panel.py	56	TOACaptureCatalog
_metadata	method	toa_capture_panel.py	64	TOACaptureCatalog
_key	method	toa_capture_panel.py	88	TOACaptureCatalog
list_lots	method	toa_capture_panel.py	91	TOACaptureCatalog
public_state	method	toa_capture_panel.py	120	TOACaptureCatalog
_resolve	method	toa_capture_panel.py	132	TOACaptureCatalog
analyze	method	toa_capture_panel.py	139	TOACaptureCatalog
TOACloudBridgeError	class	toa_cloud_client.py	32	-
TOACloudClient	class	toa_cloud_client.py	36	-
__init__	method	toa_cloud_client.py	37	TOACloudClient
from_environment	method	toa_cloud_client.py	57	TOACloudClient
configured	method	toa_cloud_client.py	95	TOACloudClient
public_state	method	toa_cloud_client.py	102	TOACloudClient
_request	method	toa_cloud_client.py	110	TOACloudClient
_request_with_retry	method	toa_cloud_client.py	154	TOACloudClient
lookup_contract	method	toa_cloud_client.py	172	TOACloudClient
_digits	function	toa_connector.py	44	-
_text	function	toa_connector.py	48	-
_repair_text	function	toa_connector.py	52	-
_timestamp	function	toa_connector.py	63	-
_unique	function	toa_connector.py	70	-
_provider	function	toa_connector.py	80	-
_task	function	toa_connector.py	94	-
_inventory_item	function	toa_connector.py	104	-
_activity	function	toa_connector.py	120	-
_document	function	toa_connector.py	173	-
TOAConnector	class	toa_connector.py	220	-
__init__	method	toa_connector.py	223	TOAConnector
_contract	method	toa_connector.py	239	TOAConnector
_lock_for	method	toa_connector.py	245	TOAConnector
_cache_path	method	toa_connector.py	249	TOAConnector
_persist	method	toa_connector.py	252	TOAConnector
_load_cache	method	toa_connector.py	262	TOAConnector
_latest_capture	method	toa_connector.py	283	TOAConnector
_from_capture	method	toa_connector.py	289	TOAConnector
_from_live	method	toa_connector.py	305	TOAConnector
_cloud_inventory_item	method	toa_connector.py	324	TOAConnector
_from_cloud	method	toa_connector.py	339	TOAConnector
status	method	toa_connector.py	417	TOAConnector
lookup	method	toa_connector.py	439	TOAConnector
openapi_document	method	toa_connector.py	505	TOAConnector
TOAContextIndex	class	toa_context.py	38	-
__init__	method	toa_context.py	41	TOAContextIndex
_route	method	toa_context.py	53	TOAContextIndex
_candidate_files	method	toa_context.py	57	TOAContextIndex
_public_order	method	toa_context.py	83	TOAContextIndex
_refresh	method	toa_context.py	131	TOAContextIndex
validate_scope_source	method	toa_context.py	175	TOAContextIndex
enrich	method	toa_context.py	192	TOAContextIndex
_unique	function	toa_contract_registry.py	31	-
_window_start	function	toa_contract_registry.py	37	-
review_slot_for_window	function	toa_contract_registry.py	47	-
_iso_date	function	toa_contract_registry.py	58	-
_normalize_service_name	function	toa_contract_registry.py	68	-
TOAContractRegistry	class	toa_contract_registry.py	77	-
__init__	method	toa_contract_registry.py	80	TOAContractRegistry
_load	method	toa_contract_registry.py	84	TOAContractRegistry
_save	method	toa_contract_registry.py	93	TOAContractRegistry
_record_key	method	toa_contract_registry.py	118	TOAContractRegistry
_agenda_record_key	method	toa_contract_registry.py	122	TOAContractRegistry
record_preview	method	toa_contract_registry.py	127	TOAContractRegistry
replace_agenda	method	toa_contract_registry.py	240	TOAContractRegistry
service_id	method	toa_contract_registry.py	299	TOAContractRegistry
public_state	method	toa_contract_registry.py	321	TOAContractRegistry
_now	function	toa_datalake_store.py	30	-
_text	function	toa_datalake_store.py	34	-
_digits	function	toa_datalake_store.py	38	-
_first	function	toa_datalake_store.py	42	-
_list	function	toa_datalake_store.py	50	-
_fingerprint	function	toa_datalake_store.py	56	-
_profile	function	toa_datalake_store.py	61	-
TOADatalakeStore	class	toa_datalake_store.py	71	-
__init__	method	toa_datalake_store.py	77	TOADatalakeStore
_connect	method	toa_datalake_store.py	83	TOADatalakeStore
_initialize	method	toa_datalake_store.py	90	TOADatalakeStore
_activity	method	toa_datalake_store.py	138	TOADatalakeStore
_order	method	toa_datalake_store.py	163	TOADatalakeStore
ingest	method	toa_datalake_store.py	174	TOADatalakeStore
_ingest_detail	method	toa_datalake_store.py	270	TOADatalakeStore
status	method	toa_datalake_store.py	334	TOADatalakeStore
detail_queue	method	toa_datalake_store.py	349	TOADatalakeStore
record	method	toa_datalake_store.py	361	TOADatalakeStore
feed	method	toa_datalake_store.py	399	TOADatalakeStore
_targets	function	toa_discovery_browser.py	33	-
launch	function	toa_discovery_browser.py	45	-
check	function	toa_discovery_check.py	26	-
_key	function	toa_import.py	38	-
TOAOrder	class	toa_import.py	51	-
to_dict	method	toa_import.py	91	TOAOrder
service_name	method	toa_import.py	95	TOAOrder
import_date	method	toa_import.py	99	TOAOrder
address_parts	method	toa_import.py	108	TOAOrder
TOATimelineActivity	class	toa_import.py	130	-
to_dict	method	toa_import.py	143	TOATimelineActivity
TOAPreview	class	toa_import.py	148	-
to_dict	method	toa_import.py	155	TOAPreview
unpack_toa_content	function	toa_import.py	175	-
_decode_csv	function	toa_import.py	218	-
parse_toa_csv	function	toa_import.py	231	-
parse_toa_timeline_activities	function	toa_import.py	365	-
build_toa_xml	function	toa_import.py	473	-
TOAImportProtocol	class	toa_import.py	488	-
__init__	method	toa_import.py	489	TOAImportProtocol
build_packet	method	toa_import.py	518	TOAImportProtocol
chunks	method	toa_import.py	532	TOAImportProtocol
incomplete_result_length	method	toa_import.py	543	TOAImportProtocol
_read_short_text	method	toa_import.py	551	TOAImportProtocol
_status_for	method	toa_import.py	562	TOAImportProtocol
parse_result	method	toa_import.py	580	TOAImportProtocol
TOAInventoryItem	class	toa_inventory.py	27	-
to_dict	method	toa_inventory.py	43	TOAInventoryItem
TOAInventory	class	toa_inventory.py	48	-
items	method	toa_inventory.py	53	TOAInventory
to_dict	method	toa_inventory.py	56	TOAInventory
_extract_json_value	function	toa_inventory.py	66	-
_structure_text	function	toa_inventory.py	106	-
_quantity	function	toa_inventory.py	116	-
_equipment_type	function	toa_inventory.py	127	-
parse_toa_inventory	function	toa_inventory.py	138	-
parse_toa_clipboard	function	toa_inventory.py	199	-
_driver_connection_lost	function	toa_live.py	44	-
_digits	function	toa_live.py	68	-
capture_payload_from_storage	function	toa_live.py	72	-
TOALiveSession	class	toa_live.py	116	-
__init__	method	toa_live.py	119	TOALiveSession
_now	method	toa_live.py	164	TOALiveSession
_update_state	method	toa_live.py	167	TOALiveSession
public_state	method	toa_live.py	171	TOALiveSession
start	method	toa_live.py	184	TOALiveSession
stop	method	toa_live.py	196	TOALiveSession
_discard_driver_locked	method	toa_live.py	211	TOALiveSession
_recover_driver_locked	method	toa_live.py	224	TOALiveSession
_monitor_loop	method	toa_live.py	246	TOALiveSession
_refresh_session_state_locked	method	toa_live.py	264	TOALiveSession
_driver_is_alive	method	toa_live.py	324	TOALiveSession
_fill_credentials_locked	method	toa_live.py	336	TOALiveSession
_click_login_locked	method	toa_live.py	351	TOALiveSession
_wait_authenticated	method	toa_live.py	381	TOALiveSession
_ensure_session_locked	method	toa_live.py	392	TOALiveSession
execute_readonly_script	method	toa_live.py	427	TOALiveSession
open_session	method	toa_live.py	446	TOALiveSession
_collector_source_locked	method	toa_live.py	501	TOALiveSession
_install_collector_preload_locked	method	toa_live.py	506	TOALiveSession
_inject_collector_locked	method	toa_live.py	517	TOALiveSession
_queue_row_locked	method	toa_live.py	530	TOALiveSession
_resume_pending_queue_locked	method	toa_live.py	540	TOALiveSession
_start_single_lookup_locked	method	toa_live.py	548	TOALiveSession
_storage_locked	method	toa_live.py	560	TOALiveSession
_persist_capture	method	toa_live.py	570	TOALiveSession
_inventory_item	method	toa_live.py	585	TOALiveSession
_inventory_items	method	toa_live.py	610	TOALiveSession
_task_item	method	toa_live.py	627	TOALiveSession
_persist_inventory_ledger	method	toa_live.py	638	TOALiveSession
lookup_contract	method	toa_live.py	714	TOALiveSession
_now	function	toa_local_collector.py	32	-
_minutes	function	toa_local_collector.py	36	-
_clock	function	toa_local_collector.py	43	-
_service_window	function	toa_local_collector.py	50	-
_clean_description	function	toa_local_collector.py	58	-
TOALocalCollector	class	toa_local_collector.py	68	-
__init__	method	toa_local_collector.py	110	TOALocalCollector
_mirror_payload	method	toa_local_collector.py	138	TOALocalCollector
start	method	toa_local_collector.py	155	TOALocalCollector
stop	method	toa_local_collector.py	166	TOALocalCollector
public_state	method	toa_local_collector.py	173	TOALocalCollector
collect_now	method	toa_local_collector.py	177	TOALocalCollector
_loop	method	toa_local_collector.py	242	TOALocalCollector
evaluate	function	toa_secondary_bucket_export.mjs	28	-
onMessage	function	toa_secondary_bucket_export.mjs	32	-
TOASecondaryBusyError	class	toa_secondary_session.py	25	-
_digits	function	toa_secondary_session.py	30	-
_text	function	toa_secondary_session.py	34	-
_targets	function	toa_secondary_session.py	37	-
_toa_page	function	toa_secondary_session.py	49	-
_now	function	toa_secondary_session.py	60	-
TOASecondarySession	class	toa_secondary_session.py	63	-
__init__	method	toa_secondary_session.py	66	TOASecondarySession
start	method	toa_secondary_session.py	74	TOASecondarySession
stop	method	toa_secondary_session.py	77	TOASecondarySession
public_state	method	toa_secondary_session.py	80	TOASecondarySession
open_session	method	toa_secondary_session.py	106	TOASecondarySession
_direct_lookup	method	toa_secondary_session.py	112	TOASecondarySession
_capture	method	toa_secondary_session.py	166	TOASecondarySession
lookup_contract	method	toa_secondary_session.py	206	TOASecondarySession
load_secret	function	verify_toa_cloud_bridge.py	25	-
request_json	function	verify_toa_cloud_bridge.py	30	-
main	function	verify_toa_cloud_bridge.py	51	-
